"institution_short","course_code_norm","year","hv","url","status","ok","bytes","sha1","course_name_no","fulltext"
"nla","4MGL1ENG101-1",2026,"V","https://www.nla.no/studietilbud/emner/2026/4mgl1eng101/",404,FALSE,NA,NA,NA,NA
"nla","4MGL1ENG102-1",2026,"V","https://www.nla.no/studietilbud/emner/2026/4mgl1eng102/",404,FALSE,NA,NA,NA,NA
"nla","4MGL5VIT301-1",2025,"H","https://www.nla.no/studietilbud/emner/2025/4mgl5vit301/",200,TRUE,21542,"a3ed7c48f6f34a020031f08265ebb20198d9d643",NA,"  




4MGL5VIT301 Vitenskapsteori og metode for den forskende l<U+00E6>rer



  Oppdatert  14.09.25  Publisert  21.03.25



  


 Alle versjoner:
4MGL5VIT301 (2025<U+2014>2026)
4MGL5VIT301 (2024<U+2014>2025)
4MGL5VIT301 (2023<U+2014>2024)
4MGL5VIT301 (2022<U+2014>2023)
4MGL5VIT301 (2021<U+2014>2022)



 Emnekode:  4MGL5VIT301



 Emnenavn:  Vitenskapsteori og metode for den forskende l<U+00E6>rer



 Undervisningssemester:  V<U+00E5>r



 Steder:  Oslo



 Studie<U+00E5>r:  2025<U+2013>2026



 Undervisningsspr<U+00E5>k:  Norsk



 Studiepoeng:  15 poeng



 Enkeltemne:  Nei

 
Forkunnskapskrav

FoU-oppgaven fra 3. studie<U+00E5>ret m<U+00E5> v<U+00E6>re best<U+00E5>tt.

Relevans i studieprogrammet

Obligatorisk emne i 5-<U+00E5>rig grunnskolel<U+00E6>rerutdanning.

Innledning

Emnet skal forberede studenten til <U+00E5> nyttiggj<U+00F8>re seg forskning i ut<U+00F8>velse av l<U+00E6>reryrket, utvikle kritisk refleksjon og evne til <U+00E5> ta i bruk ny kunnskap. Emnet skal videreutvikle FoU-kompetansen innenfor vitenskapsteori og metode for den forskende l<U+00E6>rer som studenten har opparbeidet de tre f<U+00F8>rste studie<U+00E5>rene. Studenten skal i dette emnet velge tema for masterarbeidet, orientere seg i relevant forskningslitteratur og utarbeide egen prosjektplan. 

L<U+00E6>ringsutbytte

Etter fullf<U+00F8>rt emne har studenten f<U+00F8>lgende l<U+00E6>ringsutbytte: 

Kunnskaper 

Studenten 

har kunnskap om vitenskapelige tenkem<U+00E5>ter og forskningsmetoder som er relevante for l<U+00E6>rerprofesjonen 
har kunnskap om sentrale kvaliteter ved forskningsprosessen 
har oversikt over forskning, teori og metode som er aktuell og relevant for masterarbeidet 

 

Ferdigheter 

Studenten 

kan finne, lese, forst<U+00E5> og kritisk vurdere relevant forskningslitteratur for <U+00E5> videreutvikle egen profesjonspraksis 
kan presentere og dr<U+00F8>fte en problemstilling og forst<U+00E5> sammenhengen mellom valgt problemstilling, forskningsmetode(r) og etisk ansvar 

 

 

Generell kompetanse 

Studenten 

har forst<U+00E5>else for og innsikt i vitenskapelige arbeidsm<U+00E5>ter og forskningsetiske normer 
kan bidra aktivt og konstruktivt i en faglig samtale om forsknings- og utviklingsarbeid 
kan ut<U+00F8>ve avansert kildekritikk 
Innhold

Det gis innf<U+00F8>ring i ulike kunnskapsteoretiske retninger innenfor profesjonsrettet FoU, der forskningsetikk, vitenskapsteoretiske tradisjoner og grunnbegreper blir presentert og diskutert. 

Det gis generell innf<U+00F8>ring i ulike typer forskningsmetoder. 

Gjennom arbeidet med prosjektplanen f<U+00E5>r studentene innsikt i hvordan forskningsplanlegging og forskningsformidling<U+202F>er en del av en vitenskapelig arbeidsprosess.<U+202F> 

Arbeids- og undervisningsformer

Det benyttes forskjellige arbeids- og undervisningsformer, bl.a. selvstudium, studentframlegg med respons fra medstudenter og veiledere, veiledning, seminarer og forelesninger.

Arbeidsomfang

Cirka 400 timer.

Arbeidskrav

Det er krav om aktiv deltakelse og framm<U+00F8>te som angitt i undervisningsplanen 
Innlevering av to utkast til individuell prosjektplan
Presentasjon av egen prosjektplan og tilbakemelding p<U+00E5> andres (obligatorisk seminar)

N<U+00E6>rmere opplysninger om arbeidskravenes innhold og tidspunkt for gjennomf<U+00F8>ring vil bli gitt i undervisningsplanen for faget ved studiestart. Alle obligatoriske arbeidskrav m<U+00E5> v<U+00E6>re godkjente f<U+00F8>r studenten kan g<U+00E5> opp til eksamen.

Vurderingsuttrykk arbeidskrav

Godkjent/ikke godkjent

Avsluttende vurdering

Individuell muntlig eksamen

Vurderingsuttrykk avsluttende vurdering

Eksamen vurderes til best<U+00E5>tt / ikke best<U+00E5>tt.

Tillatte hjelpemidler

Informasjon gis p<U+00E5> Canvas.

Eksamensspr<U+00E5>k

Norsk. Andre spr<U+00E5>k etter s<U+00F8>knad.

Praksis

Se praksisplan for grunnskolel<U+00E6>rerutdanning for trinn 5-10.

Evaluering av emnet

Det vil bli foretatt emneevaluering i henhold til kvalitetssystemet for NLA H<U+00F8>gskolen.

Tilbys som enkeltemne

Nei.



   

"
"nla","4MGL5SA-M-1",2025,"H","https://www.nla.no/studietilbud/emner/2025/4mgl5sa-m/",200,TRUE,24239,"3c6e4155d90ba20500c7efb809c42294f7498b63",NA,"  




4MGL5SA-M Masteroppgave i samfunnsfag



  Oppdatert  14.09.25  Publisert  21.03.25



  


 Alle versjoner:
4MGL5SA-M (2025<U+2014>2026)
4MGL5SA-M (2024<U+2014>2025)
4MGL5SA-M (2023<U+2014>2024)
4MGL5SA-M (2022<U+2014>2023)



 Emnekode:  4MGL5SA-M



 Emnenavn:  Masteroppgave i samfunnsfag



 Undervisningssemester:  Oppstart h<U+00F8>st, undervisning over to semestre



 Steder:  Oslo



 Studie<U+00E5>r:  2025<U+2013>2026



 Undervisningsspr<U+00E5>k:  Norsk



 Studiepoeng:  45 poeng



 Enkeltemne:  Nei

 
Forkunnskapskrav

210 studiepoeng fra 1.-4.studie<U+00E5>r m<U+00E5> v<U+00E6>re best<U+00E5>tt, deriblant minst 30 stp. for alle obligatoriske emner (pedagogikk og elevkunnskap), VIT301 og 90 studiepoeng i masterfordypningsfaget.

Anbefalte forkunnskaper

90 studiepoeng i samfunnsfag: 4MGL5SA101 (30 stp.), 4MGL5SA201 (30 stp.), 4MGL5SA301 (15 stp.), 4MGL5SA302 (15 stp.) eller tilsvarende

Relevans i studieprogrammet

Obligatorisk for studenter som har valgt samfunnsfag som masterfag i fem<U+00E5>rig grunnskolel<U+00E6>rerutdanning for trinn 5-10.

Innledning

Masteroppgaven er et selvstendig, vitenskapelig arbeid som bygger videre p<U+00E5> kunnskaper, ferdigheter og kompetanser fra de fire f<U+00F8>rste <U+00E5>rene i grunnskolel<U+00E6>rerutdanningen.

Masteroppgaven skal vise den faglige og forskningsbaserte fordypningen som studenten har oppn<U+00E5>dd i utdanningen, ved at studenten skal kunne analysere og forholde seg kritisk til nyere nasjonal og internasjonal forskning. Den skal ogs<U+00E5> styrke studentens faglige grunnlag for profesjonell yrkesut<U+00F8>velse, ved at studenten anvender den forskningsbaserte kunnskapen i profesjonsut<U+00F8>velsen. Studenten skal derfor b<U+00E5>de opparbeide seg generell forskningskompetanse og inng<U+00E5>ende og avansert kunnskap om samfunnsfag; fagets rolle og funksjon i skolen og fagets didaktikk.

Studenten velger selv tema for masterarbeidet, men forskningssp<U+00F8>rsm<U+00E5>let skal v<U+00E6>re relevant for grunnskolen. Arbeidet med masteroppgaven er lagt til begge semestre i 5. studie<U+00E5>r og bygger p<U+00E5> prosjektplanen som utarbeides i VIT301 (8. semester).

L<U+00E6>ringsutbytte

Etter fullf<U+00F8>rt emne har studenten f<U+00F8>lgende l<U+00E6>ringsutbytte:

Kunnskap

Studenten

har inng<U+00E5>ende kunnskap om samfunnsvitenskapelig forskning, fagets metoder og forskningsetikk
har spesialisert innsikt i et avgrenset fagomr<U+00E5>de
har avansert kunnskap om samfunnsfagets rolle og funksjon i skolen

Ferdigheter

Studenten

kan analysere og forholde seg kritisk til nasjonal og internasjonal samfunnsfaglig forskning og anvende denne kunnskapen i profesjonsut<U+00F8>velsen og til utforsking av nye problemomr<U+00E5>der i faget
kan analysere samfunnsfaglige problemstillinger med utgangspunkt i fagets egenart, verdigrunnlag og historie og bruke slik innsikt i undervisning, forsknings- og utviklingsarbeid
kan planlegge og gjennomf<U+00F8>re undervisning i samfunnsfag p<U+00E5> en m<U+00E5>te som fremmer vitenskapelige tenkem<U+00E5>ter hos elevene

Generell kompetanse

Studenten

kan identifisere, analysere og kritisk reflektere over samfunnsfaglige, profesjonsetiske og utdanningspolitiske problemstillinger
kan p<U+00E5> et avansert niv<U+00E5> formidle samfunnsfaglig forskings- og utviklingsarbeid til ulike m<U+00E5>lgrupper
kan bidra til innovasjonsprosesser og ta ansvar for samarbeid og utviklingsarbeid som fremmer samfunnsfaglig og didaktisk nytenking i skolen
Innhold

Masteroppgaven er et selvstendig arbeid som gjennomf<U+00F8>res under veiledning, individuelt eller i samarbeid med en annen student. Valg av tema og problemstilling skal godkjennes av veileder(e). Studenten eller studentene blir tildelt veileder og eventuelt biveileder p<U+00E5> bakgrunn av valgt temaomr<U+00E5>de og metode.

Arbeidet med masterprosjektet gir studenten erfaring med og kompetanse i FoU-arbeid i skolen i vid forstand, og det stilles h<U+00F8>ye vitenskapelige krav til den ferdige oppgaven. Gjennom arbeidet med masterprosjektet f<U+00E5>r studenten(e) erfaring med problemformulering, informasjonsinnhenting, kritisk lesing, faglig argumentasjon og ferdigstilling av et st<U+00F8>rre skriftlig arbeid.

Arbeids- og undervisningsformer

Selvstendig arbeid med veiledning, i henhold til veiledningskontrakten. Gruppeseminar med studentfremlegg fra prosessen i masterarbeidet. I emnet inng<U+00E5>r det en <U+00E5>pen masterkonferanse hvor masterstudentene deltar med <U+00E5> presentere sitt masterprosjekt.

Arbeidsomfang

Arbeidsmengde for student: ca. 1300 timer.

Arbeidskrav

F<U+00F8>lgende arbeidskrav m<U+00E5> v<U+00E6>re godkjent for at eksamen kan gjennomf<U+00F8>res:

Obligatorisk veiledning.
Hver student skal legge frem ulike deler av sitt mastergradsprosjekt og gi respons til medstudenter i masterseminarer slik det fremg<U+00E5>r av undervisningsplanen.
Aktiv deltakelse p<U+00E5> masterkonferanse.

N<U+00E6>rmere opplysninger om arbeidskravenes innhold, omfang og tidspunkt for gjennomf<U+00F8>ring vil bli gitt i undervisningsplanen for faget ved studiestart.

Vurderingsuttrykk arbeidskrav

Godkjend / ikke godkjent

Avsluttende vurdering

Masteroppgaven gjennomf<U+00F8>res individuelt eller i gruppe p<U+00E5> to. Masteroppgaven kan skrives som monografi eller som vitenskapelig artikkel med kappe. Valg av oppgaveformat gj<U+00F8>res i samr<U+00E5>d med veileder.

Alternativ 1: Monografi

Oppgavens omfang: 20 000 ord (+/- 10 %) for en individuell masteroppgave, 26 000 ord (+/- 10 %) for masteroppgaver som skrives i gruppe p<U+00E5> to. I tillegg skal det skrives sammendrag p<U+00E5> norsk og engelsk p<U+00E5> om lag <U+00E9>n side hver. Veileder kan i s<U+00E6>rlige tilfeller gi tillatelse til <U+00E5> fravike grensebestemmelsene.

Alternativ 2: Artikkelbasert masteroppgave med kappe

Studentene velger et relevant fagfellevurdert forskningstidsskrift og artikkelen utarbeides etter tidsskriftets retningslinjer.

Del 1 Innledning/kappe: Omfang mellom 5-7000 ord ved individuell levering og 6-8000 ord ved samarbeid av to studenter.
Del 2 Artikkelutkast: Antall ord f<U+00F8>lger retningslinjer for tidsskriftet.

Utover det som er omtalt ovenfor, <U+00E5>pnes det ogs<U+00E5> for dokumentasjons- og framstillingsformer som kombinerer ulike media (skrift, bilde, film og lyd). I slike tilfeller avtales form og omfang med veileder.

Vurderingsuttrykk avsluttende vurdering

Det gis gradert karakter fra A-E for best<U+00E5>tt og F for ikke best<U+00E5>tt.

Tillatte hjelpemidler

Alle.

Eksamensspr<U+00E5>k

Norsk. Andre spr<U+00E5>k kan godkjennes etter s<U+00F8>knad.

Progresjonskrav

Masteroppgaven kan leveres til vurdering n<U+00E5>r alle obligatoriske og valgemner fra grunnskolel<U+00E6>rerutdanningen 5-10 er best<U+00E5>tt.

Evaluering av emnet

Det vil bli foretatt emneevaluering i henhold til kvalitetssystemet for NLA H<U+00F8>gskolen.

Tilbys som enkeltemne

Nei.

Digital litteraturliste



   

"
"nla","4MGL5SA302-1",2025,"H","https://www.nla.no/studietilbud/emner/2025/4mgl5sa302/",200,TRUE,24618,"db404f3ba4b5234044705d952186c6a33ea8d1d3",NA,"  




4MGL5SA302 Samfunnsfaglege perspektiv p<U+00E5> mangfald og fellesskap



  Oppdatert  14.09.25  Publisert  21.03.25



  


 Alle versjoner:
4MGL5SA302 (2025<U+2014>2026)
4MGL5SA302 (2024<U+2014>2025)
4MGL5SA302 (2023<U+2014>2024)
4MGL5SA302 (2022<U+2014>2023)
4MGL5SA302 (2021<U+2014>2022)



 Emnekode:  4MGL5SA302



 Emnenavn:  Samfunnsfaglege perspektiv p<U+00E5> mangfald og fellesskap



 Undervisningssemester:  Haust



 Steder:  Oslo



 Studie<U+00E5>r:  2025<U+2013>2026



 Undervisningsspr<U+00E5>k:  Norsk



 Studiepoeng:  15 poeng



 Enkeltemne:  Nei

 
Forkunnskapskrav

Samfunnsfag 1 og Samfunnsfag 2

Relevans i studieprogrammet

Obligatorisk for studentar som skal ta master, samfunnsfag i grunnskulel<U+00E6>rarutdanninga.

Innleiing

Samfunnsfaglege perspektiv p<U+00E5> mangfald og fellesskap er ei fordjupingseining (15 stp.) p<U+00E5> masterniv<U+00E5> og inng<U+00E5>r som ein obligatorisk del av masterstudiet i samfunnsfag ved grunnskulel<U+00E6>rarutdanninga. 

Emnet skal gje nyansert djupnekunnskap om og forst<U+00E5>ing for ulike samfunnsfaglege tiln<U+00E6>rmingar til mangfald og fellesskap. Studenten skal kunne analysere og stille seg kritisk til nyare nasjonal og internasjonal forsking, og bruke denne kunnskapen i ut<U+00F8>vinga av profesjonen. Emnet har eit s<U+00E6>rleg fokus p<U+00E5> <U+00E5> setje studentane i stand til kritisk utvikling av samfunnsfagundervisning i eit mangfaldig samfunn. 

Skulefaget samfunnsfag har i styringsdokument f<U+00E5>tt eit s<U+00E6>rleg ansvar for menneskerettsoppl<U+00E6>ring i grunnskulen. I tillegg til fordommar, rasisme og diskriminering er urfolk, nasjonale minoritetar og seksuell orientering og kj<U+00F8>nnsuttrykk, prioriterte tema i l<U+00E6>replanen. Alle desse tema er difor viktige i emnet Samfunnsfaglege perspektiv p<U+00E5> mangfald og fellesskap. 

Emnet har ei fleirfagleg tiln<U+00E6>rming med basis i fleire av samfunnsfaget sine underdisiplinar. Emnet er delt inn i f<U+00F8>lgjande fire overordna tema: 

Inkluderande perspektiv p<U+00E5> samfunnsfagundervisning 
Ulike tiln<U+00E6>rmingar til mangfald i utdanning 
Menneskerettsoppl<U+00E6>ring og mangfald 
Fordommar og rasisme 
L<U+00E6>ringsutbytte

Etter fullf<U+00F8>rt emne skal studenten ha f<U+00F8>lgjande l<U+00E6>ringsutbytte:

Kunnskap

Studenten

har avansert profesjonsretta kunnskap om inkluderings- og ekskluderingsprosessar i eit samfunnsfagleg perspektiv
har avansert profesjonsretta kunnskap om korleis individuelle og kontekstuelle dimensjoner i skulen kan p<U+00E5>verke undervisning og l<U+00E6>ring om samfunnsfaglege tema
har avansert kunnskap om eit utval tiln<U+00E6>rmingar til mangfald og sosial ulikskap i skule og samfunn
har kunnskap om korleis ulike former for sosial differensiering, til d<U+00F8>mes knytt til kj<U+00F8>nn, etnisk bakgrunn og religion, kan danne grunnlag for identitetsdanning og tilh<U+00F8>yrsle
har kunnskap om sentrale debattar knytt til menneskerettsoppl<U+00E6>ring i skulen
har kunnskap om historia til urfolk og nasjonale minoritetar i Norge i eit menneskerettsperspektiv
har inng<U+00E5>ande kunnskap om ulike former for rasisme, og kva innverknad rasisme har for identitetsutvikling og livsmoglegheiter
har inng<U+00E5>ande kunnskap samfunnsfaget si rolle i <U+00E5> motvirke fordommar, framandfrykt og rasisme

Ferdigheiter

Studenten

kan anvende fagleg kunnskap for <U+00E5> fremje inkluderande undervisning i samfunnsfag 
kan anvende fagleg kunnskap i analysar relatert til skule og samfunn, og dr<U+00F8>fte kva konsekvensar ulike tiln<U+00E6>rmingar til mangfald kan ha i skule og samfunn
kan dr<U+00F8>fte sentrale dilemma knytt til mangfald og menneskerettar
kan kritisk vurdere og velje ut fagleg innhald knytt til sentrale tema i emnet
kan planlegge og evaluere undervisning som sikrar fagleg progresjon i sentrale tema i emnet

Generell kompetanse

Studenten

kan kritisk reflektere rundt og utvise medvit om eigen posisjon som l<U+00E6>rar i m<U+00F8>te med ei mangfaldig elevgruppe
har handlingsberedskap for <U+00E5> ivareta den einskilde elev sin integritet
kan kritisk bruke forskingsbasert og profesjonsretta samfunnsfagleg kunnskap til videre utforsking av mangfald, inkludering og ekskludering
Innhald

Presentasjon av emnet

Emnet er delt inn i f<U+00F8>lgjande undertema:

Inkluderande perspektiv p<U+00E5> samfunnsfagundervisning
Ulike tiln<U+00E6>rmingar til mangfald i utdanning
Menneskerettsoppl<U+00E6>ring og mangfald
Fordommar og rasisme

Emnet legg vekt p<U+00E5> <U+00E5> f<U+00F8>rebu studentane til <U+00E5> undervise i samfunnsfag i ein skule med mangfald. Det fremjar kritisk refleksjon rundt strukturar, haldningar og praksisar som kan f<U+00F8>re til inkludering og ekskludering av elevar i samfunnsfagundervisning. Studenten skal utvikle evne til <U+00E5> analysere eigne haldningar og handlingar gjennom kritisk refleksjon, aleine og i eit profesjonsfellesskap.

Studenten skal i l<U+00F8>pet av emnet tileigna seg ei grundig forst<U+00E5>ing for korleis ulike oppfatningar av og tiln<U+00E6>rmingar til mangfald p<U+00E5>verkar samfunn og skule p<U+00E5> ulike m<U+00E5>tar. Dette inkludere medvit omkring korleis samfunnsfaglege tema kan p<U+00E5>verke undervisning og dynamikkar i klasserommet. Ulike tiln<U+00E6>rmingar vert dr<U+00F8>fta i lys av d<U+00F8>me fr<U+00E5> ulike samfunn og fr<U+00E5> norsk skule.

Gjennom emnet vil studentane f<U+00E5> innsikt i perspektiv som kan brukast til <U+00E5> kritisk unders<U+00F8>ke og utfordre makt, eksisterande normer og diskursar b<U+00E5>de p<U+00E5> samfunns- og skuleniv<U+00E5>.

Emnet kastar lys over forskjellige perspektiv p<U+00E5> menneskerettsoppl<U+00E6>ring i samfunnsfag, og gjev s<U+00E6>rleg fordjuping i kampane urfolk og nasjonale minoritetar i Norge har hatt mot urett og for sine rettar.

Emnet gjev djupneinnsikt i fordomar og rasisme, samt kva former desse fenomena kan ta og korleis dei kan komme til uttrykk. M<U+00E5>let er <U+00E5> styrkje studenten sin evne til <U+00E5> undervise om, identifisere og f<U+00F8>rebyggje fordommar og rasisme, slik desse kjem til uttrykk i skule og samfunn.

Arbeids- og undervisingsformer

F<U+00F8>relesing og seminar, med innslag av estetiske l<U+00E6>ringsformer, medstudentvurdering og ekskursjon.

Arbeidsomfang

Arbeidsmengde for student: ca. 450 timar.

Arbeidskrav

1 skriftleg fagtekst (prosessorientert med fleire innleveringar).

1 munnleg framlegg.

Det er krav om framm<U+00F8>te og aktiv deltaking som angitt i undervisningsplanen.

Vurderingsuttrykk arbeidskrav

Godkjend / ikkje godkjend.

Avsluttande vurdering

Munnleg eksamen, 30 minutt per student.

Vurderingsuttrykk avsluttande vurdering

Gradert karakter fr<U+00E5> A-F, der F er ikkje best<U+00E5>tt.

Tillatte hjelpemiddel

Ingen.

Eksamensspr<U+00E5>k

Norsk. Andre spr<U+00E5>k kan godkjennast etter s<U+00F8>knad.

Praksis

Sj<U+00E5> praksisplan for MGLU5.

Evaluering av emnet

Det vil bli f<U+00F8>reteke emneevaluering i h<U+00F8>ve til kvalitetssystemet for NLA H<U+00F8>gskolen. Studenten kan ogs<U+00E5> gje tilbakemelding p<U+00E5> emnet i faggruppa/klassen.

Digital litteraturliste

Litteratur og faglige ressurser finner du her.



   

"
"nla","4MGL5SA301-1",2025,"H","https://www.nla.no/studietilbud/emner/2025/4mgl5sa301/",200,TRUE,24671,"14351efd83113573444de5bcb83a9ba4cf31646a",NA,"  




4MGL5SA301 Demokrati og deltaking



  Oppdatert  14.09.25  Publisert  21.03.25



  


 Alle versjoner:
4MGL5SA301 (2025<U+2014>2026)
4MGL5SA301 (2024<U+2014>2025)
4MGL5SA301 (2023<U+2014>2024)
4MGL5SA301 (2022<U+2014>2023)
4MGL5SA301 (2021<U+2014>2022)



 Emnekode:  4MGL5SA301



 Emnenavn:  Demokrati og deltaking



 Undervisningssemester:  Haust



 Steder:  Oslo



 Studie<U+00E5>r:  2025<U+2013>2026



 Undervisningsspr<U+00E5>k:  Norsk



 Studiepoeng:  15 poeng



 Enkeltemne:  Nei

 
Forkunnskapskrav

Samfunnsfag 1 og 2.

Relevans i studieprogrammet

Obligatorisk emne for studentar som skal ta master, samfunnsfag i grunnskulel<U+00E6>rarutdanninga.

Innleiing

Faget i utdanninga

Demokrati og deltaking er ei fordjupingseining (15 SP) p<U+00E5> masterniv<U+00E5> og inng<U+00E5>r som ein obligatorisk del av masterspesialiseringa i samfunnsfag ved grunnskolel<U+00E6>rarutdanninga.

Emnet gjev innsikt i teoriar og praksis som ligg til grunn for korleis demokrati, medborgarskap, sivil samfunnet og ulikskap kan forst<U+00E5>ast, og p<U+00E5> ulike m<U+00E5>tar p<U+00E5>verka skulen og utdanninga.

L<U+00E6>ringsutbytte

Etter fullf<U+00F8>rt emne har studenten f<U+00F8>lgjande l<U+00E6>ringsutbytte:

Kunnskap

Studenten

har avansert kunnskap om sentrale teoriar og omgrep innan fagomr<U+00E5>det demokrati og medborgarskap
kjenner til sentrale forskingsresultat om skulen si demokratioppl<U+00E6>ring og -praksis
har kunnskap om sentral teori om sivilsamfunnet og korleis sivilsamfunnet kan fungera som korrektiv til politiske system
har kunnskap om korleis ulikskap p<U+00E5>verkar moglegheiter for deltaking i skule og samfunn

Ferdigheiter

Studenten

kan reflektera kritisk over demokratiet sine utfordringar i teori og praksis
kan diskutera og problematisera korleis demokratiomgrepet vert brukt i skulen og kan kritisk dr<U+00F8>fta skulen si demokratioppl<U+00E6>ring
kan gjera greie for ulike demokratiteoriar og demokratisyn, dr<U+00F8>fta desse kritisk opp mot kvarandre og nytta dei i analyse av ulik empiri
kan dr<U+00F8>fta og vurdera sivilsamfunnet og potensialet som ligg i sivilsamfunnet
kan planlegga og gjennomf<U+00F8>ra undervisning i samfunnsfag som fremjar eleven sine vitskapelege tenkem<U+00E5>tar
kan analysera og f<U+00F8>rehalda seg kritisk til nasjonal og internasjonal forsking og nytta denne kunnskapen i profesjonsut<U+00F8>vinga
kan gjennomf<U+00F8>ra fagdidaktiske og praksistilknytte utviklingsprosjekt i tr<U+00E5>d med metodiske og forskingsetiske normer

Generell kompetanse

Studenten

kan p<U+00E5> systematisk vis planlegga, pr<U+00F8>va ut i praksis, evaluera og revidera opplegg for l<U+00E6>ring ut fr<U+00E5> ein samfunnsfagleg st<U+00E5>stad
kan problematisera samanhengar mellom kunnskapar, teoriar og praksis innan feltet samfunnsfagdidaktikk
kan p<U+00E5> eit avansert niv<U+00E5> formidla og kommunisera om faglege problemstillingar knytt til profesjonsut<U+00F8>vinga og kan bidra til utviklingsarbeid som fremjar fagleg og pedagogisk nytenking i skulen
Innhald

Emnet har f<U+00F8>lgjande tema:

Demokrati

Medborgarskap og sivilsamfunnet

Ulikskap og deltaking

Vitskapsteori og metode

Demokrati og deltaking er ei fordjupingseining (15sp) p<U+00E5> masterniv<U+00E5> og inng<U+00E5>r som ein obligatorisk del av masterstudiet i samfunnsfag. Emnet gjev innsikt i teoriar og praksis som ligg til grunn for korleis demokrati, medborgarskap, sivilsamfunnet og ulikskap kan forst<U+00E5>ast og p<U+00E5> ulike m<U+00E5>tar forma skulen. Kurset har eit spesifikt fokus p<U+00E5> korleis desse omgrepa vert brukt eller kan brukast i ein didaktisk samanheng. Kurset startar med <U+00E5> leggja eit fundament innan demokratisk teori der nokre av dei klassiske perspektiva vert kombinerte med nyare sentrale bidrag. Medborgarskap analyserer korleis demokratiet kan forst<U+00E5>ast i skulen og vektlegg oppl<U+00E6>ringa si rolle i <U+00E5> danna nye medborgarar. Sivilsamfunnet - rommet mellom stat, marknad og individ - kan studerast b<U+00E5>de som ei st<U+00F8>tte og eit korrektiv til det politiske systemet. Her kan ogs<U+00E5> minoritetsstandpunkt og -verdiar f<U+00E5> rom og potensielt utfylla og skjerpa demokratiet. Emnet sivilsamfunnet dr<U+00F8>ftar spenninga i samfunnet ved <U+00E5> studera ei rekkje ulike perspektiv p<U+00E5> tilh<U+00F8>vet mellom sivilsamfunnet og demokratiet. Emneomr<U+00E5>det ulikskap fungerer som ei eksemplifisering av korleis det <U+00E5> h<U+00F8>yra til i ulike sosiale kategoriar formar menneska sitt handlingsrom og moglegheit for deltaking i samfunnet. Studentane f<U+00E5>r innblikk i teoriar knytt til ulikskap og korleis denne kategorien p<U+00E5>verkar deltaking i det norske samfunnet generelt, og i skulen spesielt.

Arbeids- og undervisingsformer

Emnet er sett saman ein kombinasjon av nettbasert og campusbasert undervisning. Den nettbaserte undervisninga er felles for studentar som deltek i emnet i Bergen og Oslo. Det vert bygd opp ein nettressurs med t.d. aktuelle dokument, videoar og podkastar, og delar av undervisninga tek i bruk digitale l<U+00E6>ringsflater.

Undervisninga vert organisert som ein kombinasjon av f<U+00F8>relesingar, sj<U+00F8>lvstudium og diskusjon av tekstar og studentarbeid i seminar, og det forutsett aktiv deltaking fr<U+00E5> studenten.

I tilknyting til praksis skal studentane pr<U+00F8>ve ut ein metode for systematisk profesjonsutvikling, normalt <U+00AB>Lesson study<U+00BB>. Organisering av forarbeid og formidling av erfaringar etter praksisperioden spesifiserast ved oppstart av emnet.

Studenten skal dessutan skriva ein semesteroppg<U+00E5>ve om eit sj<U+00F8>lvvalt tema innan emnet.

Arbeidsomfang

Antatt arbeidsmengde for student: ca. 450 timar

Arbeidskrav

F<U+00F8>lgjande arbeidskrav m<U+00E5> v<U+00E6>re godkjende for at eksamen kan gjennomf<U+00F8>rast.

ein video p<U+00E5> fem minutt om eit oppgjeve tema/oppg<U+00E5>ve.
to skriveoppg<U+00E5>ver knytt til emnets litteratur med tilh<U+00F8>yrande framlegg i seminar
Utpr<U+00F8>ving av en metode for systematisk profesjonsutvikling i l<U+00F8>pet av praksisperioden, normalt <U+00AB>Lesson study<U+00BB>. Organisering av forarbeid og formidling av erfaringer etter praksisperioden spesifiseres ved oppstart av emnet.
f<U+00E5> godkjend problemstilling til semesteroppg<U+00E5>va
gjennomf<U+00F8>re to rettleiingar av semesteroppg<U+00E5>va
krav til framm<U+00F8>te og aktiv deltaking blir angitt ved emnets oppstart
Vurderingsuttrykk arbeidskrav

Godkjend / ikkje godkjend

Avsluttande vurdering

Ei semesteroppg<U+00E5>ve p<U+00E5> 5000 ord +/- 10%. Sj<U+00F8>lvvald problemstilling skal ta utgangspunkt i emnelitteratur eller problemstillingar fr<U+00E5> undervisninga, og vere godkjend av emneansvarleg p<U+00E5> f<U+00F8>rehand.
Vurderingsuttrykk avsluttande vurdering

Det vert gjeve gradert karakter fr<U+00E5> A - F, der F er ikkje greidd.

Tillatte hjelpemiddel

 Alle.

Eksamensspr<U+00E5>k

Norsk. Andre spr<U+00E5>k kan godkjennast etter s<U+00F8>knad.

Praksis

Sj<U+00E5> praksisplan for MGLU5.

Evaluering av emnet

Det vil bli f<U+00F8>reteke emneevaluering i h<U+00F8>ve til kvalitetssystemet for NLA H<U+00F8>gskolen. Studenten kan ogs<U+00E5> gje tilbakemelding p<U+00E5> emnet i faggruppa/klassen.

Digital litteraturliste

Litteratur og faglige ressurser finner du her.



   

"
"nla","4MGL5PROP-M-1",2025,"H","https://www.nla.no/studietilbud/emner/2025/4mgl5prop-m/",404,FALSE,NA,NA,NA,NA
"nla","4MGL5PE202-1",2025,"H","https://www.nla.no/studietilbud/emner/2025/4mgl5pe202/",200,TRUE,22980,"12ef972cea34fc9ca368943b9b721c49459832d7",NA,"  




4MGL5PE202 Pedagogikk og elevkunnskap 202 5-10



  Oppdatert  14.09.25  Publisert  21.03.25



  


 Alle versjoner:
4MGL5PE202 (2025<U+2014>2026)
4MGL5PE202 (2024<U+2014>2025)
4MGL5PE202 (2023<U+2014>2024)
4MGL5PE202 (2022<U+2014>2023)



 Emnekode:  4MGL5PE202



 Emnenavn:  Pedagogikk og elevkunnskap 202 5-10



 Undervisningssemester:  H<U+00F8>st



 Steder:  Oslo



 Studie<U+00E5>r:  2025<U+2013>2026



 Undervisningsspr<U+00E5>k:  Norsk



 Studiepoeng:  15 poeng



 Enkeltemne:  Nei

 
Forkunnskapskrav

Se studieplan.

Relevans i studieprogrammet

Obligatorisk emne i 5-<U+00E5>rig grunnskolel<U+00E6>rerutdanning.

Innledning

Hovedtema for Pedagogikk og elevkunnskap 202 er <U+00AB>Den forskende, endringskompetente og samfunnsbevisste l<U+00E6>rer<U+00BB>.

Faget Pedagogikk og elevkunnskap i grunnskolel<U+00E6>rerutdanningen best<U+00E5>r av fem emner fordelt p<U+00E5> syklus 1 og syklus 2, og utgj<U+00F8>r 60 studiepoeng (syklus 1: PE101, PE102 og PE103; syklus 2: PE201og PE202).

L<U+00E6>ringsutbytte

Etter fullf<U+00F8>rt emne har studenten f<U+00F8>lgende l<U+00E6>ringsutbytte:

KUNNSKAP

Studenten

har bred kunnskap om skolen som pedagogisk organisasjon og utdanningspolitiske prosesser
har bred kunnskap om l<U+00E6>rende organisasjoner og endrings- og utviklingsarbeid i pedagogisk virksomhet
har bred kunnskap om utfordringer og muligheter med hensyn til skoleutvikling

FERDIGHETER

Studenten

kan legge til rette for samhandling i skolen og i ettertid kritisk evaluere aktiviteten
kan planlegge og delta i forskningsbaserte utviklings- og endringsprosesser i skolen og kritisk vurdere disse i etterkant

GENERELL KOMPETANSE

Studenten

kan kritisk analysere og delta i samfunnsdebatter om utdanningspolitikk og pedagogikk
innehar endrings- og utviklingskompetanse og kan justere egen praksis under veiledning
kan anvende pedagogisk og forskningsbasert kunnskap som kan bidra til <U+00E5> styrke elevenes selvvirksomhetsprosesser
kan med utgangspunkt i forskningsbasert og profesjonsrettet kunnskap i pedagogikk gjennomf<U+00F8>re og formidle forskningsarbeid i tr<U+00E5>d med vitenskapelige prinsipper
kan bidra i innovasjonsprosesser og vurdere hvordan utviklingsarbeid kan fremme faglig og pedagogisk nytenkning i skolen
Innhold

Pedagogikk og elevkunnskap skal legge til rette for at studenten utvikler en helhetlig kompetanse n<U+00E5>r det gjelder forskning og pedagogisk handling, der kunnskaper, ferdigheter og verdier danner grunnlag for danning av l<U+00E6>rerrollen. Faget skal utvikle studentens selvinnsikt, styrke evne til refleksjon over egen kompetanse og undervisningspraksis, og bidra til utvikling av en inkluderende skole. Sentralt i faget er <U+00E5> danne studenten til <U+00E5> forvalte sitt l<U+00E6>rermandat som hviler p<U+00E5> sentrale etiske prinsipper. Fagets kjerne omfatter:

pedagogisk og forskningsbasert kunnskap om oppdragelse og undervisning med vekt p<U+00E5> elevenes faglige, sosiale og personlige utvikling og l<U+00E6>ring.
utvikling av studentens profesjonalitet, didaktiske kompetanse, teoretiske innsikt og vitenskapelige tenkem<U+00E5>te i samarbeid med praksis.

opp<U+00F8>ving av studentens evne til kritisk analyse av skolen som l<U+00E6>rende organisasjon i spenninger mellom tradisjon og fornying, og i lys av nye utfordringer i samfunnet.

Studiet ruster studenten for sin fremtidige l<U+00E6>rergjerning. I samarbeid med praksis skal studenten utvikle inng<U+00E5>ende innsikt i vekselvirkningen mellom generelle kunnskaper og situasjonsbestemte kunnskaper i pedagogisk virksomhet. Studenten skal kunne analysere og forst<U+00E5> praksis i rammen av skolen som organisasjon, og <U+00F8>ves i <U+00E5> se sammenhenger mellom systematisk forsknings- og utviklingsarbeid p<U+00E5> den ene siden, og nyskaping, endring og l<U+00E6>ring p<U+00E5> organisasjonsniv<U+00E5> p<U+00E5> den andre. Studiet gir s<U+00E6>rlig fordypning i, og <U+00E5>pner for kritisk vurdering av, skolen som organisasjon, didaktikk og l<U+00E6>replanteori, utdanningspolitiske prosesser, ulike kunnskapsformer og l<U+00E6>ringsprosesser (f.eks. estetiske), endringsarbeid, vitenskapsteori og forskningsmetoder.

Arbeids- og undervisningsformer

Oppl<U+00E6>ringen vil skje med utgangspunkt i forelesninger, seminarer, grupper, veiledning, selvstudium, praksisoppgave, skriftlige innleveringer, muntlige fremf<U+00F8>ringer og fellesfaglige profesjonsdager.

Arbeidsomfang

450 timer

Arbeidskrav

Det er krav om framm<U+00F8>te og aktiv deltakelse som angitt i undervisningsplanen
Pedagogisk credo. Individuell skriftlig innlevering
Gruppearbeid med muntlig framlegg
Praksisoppgave
Kronikk

N<U+00E6>rmere opplysninger om arbeidskrav og tidspunkt for gjennomf<U+00F8>ring vil bli gitt i undervisningsplanen. Alle obligatoriske arbeidskrav m<U+00E5> v<U+00E6>re godkjente f<U+00F8>r studenten kan g<U+00E5> opp til eksamen.

Vurderingsuttrykk arbeidskrav

Godkjent/ikke godkjent

Avsluttende vurdering

Individuell skriftlig skoleeksamen p<U+00E5> 6 timer. Eksamen teller 100 % av karakteren.

Vurderingsuttrykk avsluttende vurdering

Eksamen vurderes med gradert karakter fra A - F, der F er ikke best<U+00E5>tt.

Tillatte hjelpemidler

Ingen hjelpemidler.

Eksamensspr<U+00E5>k

Norsk. Andre spr<U+00E5>k etter s<U+00F8>knad.

Praksis

Se praksisplan for 4MGLU1.

Evaluering av emnet

Det vil bli foretatt emneevaluering i henhold til kvalitetssystemet for NLA H<U+00F8>gskolen.

Tilbys som enkeltemne

Nei.

Digital litteraturliste

Litteratur og faglige ressurser finner du her.



   

"
"nla","MGL1VIT301-1",2025,"H","https://www.nla.no/studietilbud/emner/2025/mgl1vit301/",200,TRUE,21642,"c09bca84bb20c7ebba678398fdf9527267b55aec",NA,"  




MGL1VIT301 Vitenskapsteori og metode for den forskende l<U+00E6>rer



  Oppdatert  14.09.25  Publisert  28.03.25



  


 Alle versjoner:
MGL1VIT301 (2025<U+2014>2026)
MGL1VIT301 (2024<U+2014>2025)
MGL1VIT301 (2023<U+2014>2024)
MGL1VIT301 (2022<U+2014>2023)
MGL1VIT301 (2021<U+2014>2022)
MGL1VIT301 (2020<U+2014>2021)



 Emnekode:  MGL1VIT301



 Emnenavn:  Vitenskapsteori og metode for den forskende l<U+00E6>rer



 Undervisningssemester:  V<U+00E5>r



 Steder:  Bergen



 Studie<U+00E5>r:  2025<U+2013>2026



 Undervisningsspr<U+00E5>k:  Norsk



 Studiepoeng:  15 poeng



 Enkeltemne:  Nei

 
Forkunnskapskrav

FoU-oppgaven fra 3. studie<U+00E5>ret m<U+00E5> v<U+00E6>re best<U+00E5>tt.

Relevans i studieprogrammet

Obligatorisk emne i 5-<U+00E5>rig grunnskolel<U+00E6>rerutdanning.

Innledning

Emnet skal forberede studenten til <U+00E5> nyttiggj<U+00F8>re seg forskning i ut<U+00F8>velse av l<U+00E6>reryrket, utvikle kritisk refleksjon og evne til <U+00E5> ta i bruk ny kunnskap. Emnet skal videreutvikle FoU-kompetansen innenfor vitenskapsteori og metode for den forskende l<U+00E6>rer som studenten har opparbeidet de tre f<U+00F8>rste studie<U+00E5>rene. Studenten skal i dette emnet velge tema for masterarbeidet, orientere seg i relevant forskningslitteratur og utarbeide egen prosjektplan. 

L<U+00E6>ringsutbytte

Etter fullf<U+00F8>rt emne har studenten f<U+00F8>lgende l<U+00E6>ringsutbytte:

Kunnskaper

Studenten

har kunnskap om vitenskapelige tenkem<U+00E5>ter og forskningsmetoder som er relevante for l<U+00E6>rerprofesjonen 
har kunnskap om sentrale kvaliteter ved forskningsprosessen 
har oversikt over forskning, teori og metode som er aktuell og relevant for masterarbeidet 

Ferdigheter

Studenten

kan finne, lese, forst<U+00E5> og kritisk vurdere relevant forskningslitteratur for <U+00E5> videreutvikle egen profesjonspraksis 
kan presentere og dr<U+00F8>fte en problemstilling og forst<U+00E5> sammenhengen mellom valgt problemstilling, forskningsmetode(r) og etisk ansvar 

Generell kompetanse

Studenten

har forst<U+00E5>else for og innsikt i vitenskapelige arbeidsm<U+00E5>ter og forskningsetiske normer 
kan bidra aktivt og konstruktivt i en faglig samtale om forsknings- og utviklingsarbeid 
kan ut<U+00F8>ve avansert kildekritikk 
Innhold

Det gis innf<U+00F8>ring i ulike kunnskapsteoretiske retninger innenfor profesjonsrettet FoU, der forskningsetikk, vitenskapsteoretiske tradisjoner og grunnbegreper blir presentert og diskutert. 

Det gis generell innf<U+00F8>ring i ulike typer forskningsmetoder. 

Gjennom arbeidet med prosjektplanen f<U+00E5>r studentene innsikt i hvordan forskningsplanlegging og forskningsformidling<U+202F>er en del av en vitenskapelig arbeidsprosess.<U+202F> 

Arbeids- og undervisningsformer

Det benyttes forskjellige arbeids- og undervisningsformer, bl.a. selvstudium, studentframlegg med respons fra medstudenter og veiledere, veiledning, seminarer og forelesninger. 

Arbeidsomfang

Cirka 400 timer.

Arbeidskrav

Det er krav om aktiv deltakelse og framm<U+00F8>te som angitt i undervisningsplanen 
Innlevering av to utkast til individuell prosjektplan
Presentasjon av egen prosjektplan og tilbakemelding p<U+00E5> andres (obligatorisk seminar)

N<U+00E6>rmere opplysninger om arbeidskravenes innhold og tidspunkt for gjennomf<U+00F8>ring vil bli gitt i undervisningsplanen for faget ved studiestart. Alle obligatoriske arbeidskrav m<U+00E5> v<U+00E6>re godkjente f<U+00F8>r studenten kan g<U+00E5> opp til eksamen. 

Vurderingsuttrykk arbeidskrav

Godkjent/ikke godkjent

Avsluttende vurdering

Individuell muntlig eksamen.

Vurderingsuttrykk avsluttende vurdering

Eksamen vurderes til best<U+00E5>tt / ikke best<U+00E5>tt.

Tillatte hjelpemidler

Informasjon gis p<U+00E5> Canvas.

Eksamensspr<U+00E5>k

Norsk. Andre spr<U+00E5>k etter s<U+00F8>knad.

Praksis

Se praksisplan for grunnskolel<U+00E6>rerutdanning for trinn 1-7. 

Evaluering av emnet

Det vil bli foretatt emneevaluering i henhold til kvalitetssystemet for NLA H<U+00F8>gskolen.

Tilbys som enkeltemne

Nei.



   

"
"nla","4MGL5MU101-1",2026,"V","https://www.nla.no/studietilbud/emner/2026/4mgl5mu101/",404,FALSE,NA,NA,NA,NA
"nla","4MGL5MU101U-1",2026,"V","https://www.nla.no/studietilbud/emner/2026/4mgl5mu101u/",404,FALSE,NA,NA,NA,NA
"nla","4MGL5MU201-1",2026,"V","https://www.nla.no/studietilbud/emner/2026/4mgl5mu201/",404,FALSE,NA,NA,NA,NA
"nla","4MGL5NA101-1",2026,"V","https://www.nla.no/studietilbud/emner/2026/4mgl5na101/",404,FALSE,NA,NA,NA,NA
"nla","4MGL5NA201-1",2026,"V","https://www.nla.no/studietilbud/emner/2026/4mgl5na201/",404,FALSE,NA,NA,NA,NA
"nla","4MGL1DIP-1",2026,"V","https://www.nla.no/studietilbud/emner/2026/4mgl1dip/",404,FALSE,NA,NA,NA,NA
"nla","4MGL1FOU201-1",2026,"V","https://www.nla.no/studietilbud/emner/2026/4mgl1fou201/",404,FALSE,NA,NA,NA,NA
"nla","4MGL5NO101-1",2026,"V","https://www.nla.no/studietilbud/emner/2026/4mgl5no101/",404,FALSE,NA,NA,NA,NA
"nla","4MGL5NO102-1",2026,"V","https://www.nla.no/studietilbud/emner/2026/4mgl5no102/",404,FALSE,NA,NA,NA,NA
"nla","4MGL5NO103-1",2026,"V","https://www.nla.no/studietilbud/emner/2026/4mgl5no103/",404,FALSE,NA,NA,NA,NA
"nla","4MGL5NO201-1",2026,"V","https://www.nla.no/studietilbud/emner/2026/4mgl5no201/",404,FALSE,NA,NA,NA,NA
"nla","4MGL5NO202-1",2026,"V","https://www.nla.no/studietilbud/emner/2026/4mgl5no202/",404,FALSE,NA,NA,NA,NA
"nla","4MGL5NO203-1",2026,"V","https://www.nla.no/studietilbud/emner/2026/4mgl5no203/",404,FALSE,NA,NA,NA,NA
"nla","4MGL5PE101-1",2026,"V","https://www.nla.no/studietilbud/emner/2026/4mgl5pe101/",404,FALSE,NA,NA,NA,NA
"nla","4MGL1KRLE101-1",2026,"V","https://www.nla.no/studietilbud/emner/2026/4mgl1krle101/",404,FALSE,NA,NA,NA,NA
"nla","4MGL1KRLE200-1",2026,"V","https://www.nla.no/studietilbud/emner/2026/4mgl1krle200/",404,FALSE,NA,NA,NA,NA
"nla","4MGL1KRLE212-1",2026,"V","https://www.nla.no/studietilbud/emner/2026/4mgl1krle212/",404,FALSE,NA,NA,NA,NA
"nla","4MGL1KRLE213-1",2026,"V","https://www.nla.no/studietilbud/emner/2026/4mgl1krle213/",404,FALSE,NA,NA,NA,NA
"nla","4MGL1MA101-1",2026,"V","https://www.nla.no/studietilbud/emner/2026/4mgl1ma101/",404,FALSE,NA,NA,NA,NA
"nla","4MGL1MA102-1",2026,"V","https://www.nla.no/studietilbud/emner/2026/4mgl1ma102/",404,FALSE,NA,NA,NA,NA
"nla","4MGL1MA103-1",2026,"V","https://www.nla.no/studietilbud/emner/2026/4mgl1ma103/",404,FALSE,NA,NA,NA,NA
"nla","4MGL1MA204-1",2026,"V","https://www.nla.no/studietilbud/emner/2026/4mgl1ma204/",404,FALSE,NA,NA,NA,NA
"nla","4MGL1MU101-1",2026,"V","https://www.nla.no/studietilbud/emner/2026/4mgl1mu101/",404,FALSE,NA,NA,NA,NA
"nla","4MGL1NA101-1",2026,"V","https://www.nla.no/studietilbud/emner/2026/4mgl1na101/",404,FALSE,NA,NA,NA,NA
"nla","4MGL1NO101-1",2026,"V","https://www.nla.no/studietilbud/emner/2026/4mgl1no101/",404,FALSE,NA,NA,NA,NA
"nla","4MGL5PE102-1",2026,"V","https://www.nla.no/studietilbud/emner/2026/4mgl5pe102/",404,FALSE,NA,NA,NA,NA
"nla","4MGL5PE103-1",2026,"V","https://www.nla.no/studietilbud/emner/2026/4mgl5pe103/",404,FALSE,NA,NA,NA,NA
"nla","4MGL5PR0-1",2026,"V","https://www.nla.no/studietilbud/emner/2026/4mgl5pr0/",404,FALSE,NA,NA,NA,NA
"nla","4MGL5PR1-1",2026,"V","https://www.nla.no/studietilbud/emner/2026/4mgl5pr1/",404,FALSE,NA,NA,NA,NA
"nla","4MGL5PR2-1",2026,"V","https://www.nla.no/studietilbud/emner/2026/4mgl5pr2/",404,FALSE,NA,NA,NA,NA
"nla","4MGL5PR3-1",2026,"V","https://www.nla.no/studietilbud/emner/2026/4mgl5pr3/",404,FALSE,NA,NA,NA,NA
"nla","4MGL1NO102-1",2026,"V","https://www.nla.no/studietilbud/emner/2026/4mgl1no102/",404,FALSE,NA,NA,NA,NA
"nla","4MGL1NO103-1",2026,"V","https://www.nla.no/studietilbud/emner/2026/4mgl1no103/",404,FALSE,NA,NA,NA,NA
"nla","4MGL1NO201-1",2026,"V","https://www.nla.no/studietilbud/emner/2026/4mgl1no201/",404,FALSE,NA,NA,NA,NA
"nla","4MGL1PE101-1",2026,"V","https://www.nla.no/studietilbud/emner/2026/4mgl1pe101/",404,FALSE,NA,NA,NA,NA
"nla","4MGL1PE102-1",2026,"V","https://www.nla.no/studietilbud/emner/2026/4mgl1pe102/",404,FALSE,NA,NA,NA,NA
"nla","4MGL1PE103-1",2026,"V","https://www.nla.no/studietilbud/emner/2026/4mgl1pe103/",404,FALSE,NA,NA,NA,NA
"nla","4MGL1PR1-1",2026,"V","https://www.nla.no/studietilbud/emner/2026/4mgl1pr1/",404,FALSE,NA,NA,NA,NA
"nla","4MGL1PR2-1",2026,"V","https://www.nla.no/studietilbud/emner/2026/4mgl1pr2/",404,FALSE,NA,NA,NA,NA
"nla","4MGL1PR3-1",2026,"V","https://www.nla.no/studietilbud/emner/2026/4mgl1pr3/",404,FALSE,NA,NA,NA,NA
"nla","4MGL1PR4-1",2026,"V","https://www.nla.no/studietilbud/emner/2026/4mgl1pr4/",404,FALSE,NA,NA,NA,NA
"nla","4MGL1PR5-1",2026,"V","https://www.nla.no/studietilbud/emner/2026/4mgl1pr5/",404,FALSE,NA,NA,NA,NA
"nla","4MGL1PROP101-1",2026,"V","https://www.nla.no/studietilbud/emner/2026/4mgl1prop101/",404,FALSE,NA,NA,NA,NA
"nla","4MGL5PR4-1",2026,"V","https://www.nla.no/studietilbud/emner/2026/4mgl5pr4/",404,FALSE,NA,NA,NA,NA
"nla","4MGL5PR5-1",2026,"V","https://www.nla.no/studietilbud/emner/2026/4mgl5pr5/",404,FALSE,NA,NA,NA,NA
"nla","4MGL5PROP101-1",2026,"V","https://www.nla.no/studietilbud/emner/2026/4mgl5prop101/",404,FALSE,NA,NA,NA,NA
"nla","4MGL5PROP102-1",2026,"V","https://www.nla.no/studietilbud/emner/2026/4mgl5prop102/",404,FALSE,NA,NA,NA,NA
"nla","4MGL5SA101-1",2026,"V","https://www.nla.no/studietilbud/emner/2026/4mgl5sa101/",404,FALSE,NA,NA,NA,NA
"nla","4MGL5SA201-1",2026,"V","https://www.nla.no/studietilbud/emner/2026/4mgl5sa201/",404,FALSE,NA,NA,NA,NA
"nla","4MGL1PROP102-1",2026,"V","https://www.nla.no/studietilbud/emner/2026/4mgl1prop102/",404,FALSE,NA,NA,NA,NA
"nla","MGL1DIP-1",2026,"V","https://www.nla.no/studietilbud/emner/2026/mgl1dip/",404,FALSE,NA,NA,NA,NA
"nla","MGL1FOU201-1",2026,"V","https://www.nla.no/studietilbud/emner/2026/mgl1fou201/",404,FALSE,NA,NA,NA,NA
"nla","MGL1KRLE101-1",2026,"V","https://www.nla.no/studietilbud/emner/2026/mgl1krle101/",404,FALSE,NA,NA,NA,NA
"nla","MGL1KRLE200-1",2026,"V","https://www.nla.no/studietilbud/emner/2026/mgl1krle200/",404,FALSE,NA,NA,NA,NA
"nla","MGL1KRLE211-1",2026,"V","https://www.nla.no/studietilbud/emner/2026/mgl1krle211/",404,FALSE,NA,NA,NA,NA
"nla","MGL1KRLE212-1",2026,"V","https://www.nla.no/studietilbud/emner/2026/mgl1krle212/",404,FALSE,NA,NA,NA,NA
"nla","MGL1K",NA,"","",NA,FALSE,NA,NA,NA,NA
