"institution_short","course_code_norm","year","hv","url","status","ok","bytes","sha1"
"usn","MG2EN8-1",2025,"H","https://www.usn.no/studier/studie-og-emneplaner/#/emne/MG2EN8_1_2025_H%C3%98ST",200,TRUE,379783,"c1cddfdc3254971e6a3bdafc34e90cb2375a6a9f"
"usn","MG2EN7-1",2025,"H","https://www.usn.no/studier/studie-og-emneplaner/#/emne/MG2EN7_1_2025_H%C3%98ST",200,TRUE,379864,"f34fc3a3325f740f8ac6377364bbe3c5b000f777"
"usn","MG2EN6-1",2025,"H","https://www.usn.no/studier/studie-og-emneplaner/#/emne/MG2EN6_1_2025_H%C3%98ST",200,TRUE,379864,"c41eda9cace855e6204d975953f762112dbead2a"
"usn","MG2EN5-1",2025,"H","https://www.usn.no/studier/studie-og-emneplaner/#/emne/MG2EN5_1_2025_H%C3%98ST",200,TRUE,379864,"0cae03b667b38f7c3530cb553619e8cfef97767c"
"usn","MG2EN4-1",2025,"H","https://www.usn.no/studier/studie-og-emneplaner/#/emne/MG2EN4_1_2025_H%C3%98ST",200,TRUE,379864,"23ed76bad952930a4582f7d3e3eb8bb7f42cec21"
"usn","MG1EN8-1",2025,"H","https://www.usn.no/studier/studie-og-emneplaner/#/emne/MG1EN8_1_2025_H%C3%98ST",200,TRUE,379864,"cc2d5a4749ba983e52be89de2275ca7a52c46806"
"usn","MG1EN7-1",2025,"H","https://www.usn.no/studier/studie-og-emneplaner/#/emne/MG1EN7_1_2025_H%C3%98ST",200,TRUE,379864,"d07e42e1a55be97078492534279f9fc5abc96494"
"usn","MG1EN6-1",2025,"H","https://www.usn.no/studier/studie-og-emneplaner/#/emne/MG1EN6_1_2025_H%C3%98ST",200,TRUE,379864,"05c47da984df02b8a22de3e92cd8954e4dfd9308"
"usn","MG1EN5-1",2025,"H","https://www.usn.no/studier/studie-og-emneplaner/#/emne/MG1EN5_1_2025_H%C3%98ST",200,TRUE,379864,"6a0914563eaa5bf3f7e103a152500ae27e863eed"
"usn","MG1EN4-1",2025,"H","https://www.usn.no/studier/studie-og-emneplaner/#/emne/MG1EN4_1_2025_H%C3%98ST",200,TRUE,379864,"405bb5664b603a8ab3e3f77b5ce12e3c2727f6a1"
"usn","MG2EN3-1",2025,"H","https://www.usn.no/studier/studie-og-emneplaner/#/emne/MG2EN3_1_2025_H%C3%98ST",200,TRUE,379864,"3d5eee8a47b8d75020da56d51a19e186da11d542"
"usn","MG2EN2-1",2025,"H","https://www.usn.no/studier/studie-og-emneplaner/#/emne/MG2EN2_1_2025_H%C3%98ST",200,TRUE,379864,"c3d7c6779e1183de066eb14021a2f6390f972f6c"
"usn","MG2EN1-1",2025,"H","https://www.usn.no/studier/studie-og-emneplaner/#/emne/MG2EN1_1_2025_H%C3%98ST",200,TRUE,379864,"437b5b54478a50c90adaf42262749036c4dd8923"
"usn","MG1EN3-1",2025,"H","https://www.usn.no/studier/studie-og-emneplaner/#/emne/MG1EN3_1_2025_H%C3%98ST",200,TRUE,379864,"8c62617377322a7ffffd29e7e6b04e5eb81967e4"
"usn","MG1EN2-1",2025,"H","https://www.usn.no/studier/studie-og-emneplaner/#/emne/MG1EN2_1_2025_H%C3%98ST",200,TRUE,379864,"6d4b2c2d93fe7d567d187edbea1d5c1c3d381526"
"usn","MG1EN1-1",2025,"H","https://www.usn.no/studier/studie-og-emneplaner/#/emne/MG1EN1_1_2025_H%C3%98ST",200,TRUE,379864,"f4e4ff5b3a196f95fef9942b5538ea2b6bfe3a72"
"usn","MG2PR4-1",2026,"V","https://www.usn.no/studier/studie-og-emneplaner/#/emne/MG2PR4_1_2026_V%C3%85R",200,TRUE,379862,"9871d4738e28b26a2ccebf4c61b6dd520442e2ea"
"usn","MG2RL1-1",2026,"V","https://www.usn.no/studier/studie-og-emneplaner/#/emne/MG2RL1_1_2026_V%C3%85R",200,TRUE,379862,"2167851c84cbd58eccd92b3f94952a7b9c42f984"
"usn","MG2RL2-1",2026,"V","https://www.usn.no/studier/studie-og-emneplaner/#/emne/MG2RL2_1_2026_V%C3%85R",200,TRUE,379862,"a20462d48cf3f998d8202a5a7b7c342b47323a69"
"usn","MG2RL3-1",2026,"V","https://www.usn.no/studier/studie-og-emneplaner/#/emne/MG2RL3_1_2026_V%C3%85R",200,TRUE,379862,"6220069322576cec929549b49c2f5f65539dc0df"
"usn","MG2SA1-1",2026,"V","https://www.usn.no/studier/studie-og-emneplaner/#/emne/MG2SA1_1_2026_V%C3%85R",200,TRUE,379862,"7ffbc3a97e1db55c88c0bce79fb2928f19333266"
"usn","MG2SA2-1",2026,"V","https://www.usn.no/studier/studie-og-emneplaner/#/emne/MG2SA2_1_2026_V%C3%85R",200,TRUE,379862,"d03579b340aba7277ceed35d447dee609b298f2c"
"usn","MG2SA3-1",2026,"V","https://www.usn.no/studier/studie-og-emneplaner/#/emne/MG2SA3_1_2026_V%C3%85R",200,TRUE,379862,"fa3a19f1552320c50be3ae2f42a9d0588d1a25cd"
"usn","MG2SA4-1",2026,"V","https://www.usn.no/studier/studie-og-emneplaner/#/emne/MG2SA4_1_2026_V%C3%85R",200,TRUE,379862,"d469bade84821423596b35d7c7f6e7be55c888f1"
"usn","MG2UV1-1",2026,"V","https://www.usn.no/studier/studie-og-emneplaner/#/emne/MG2UV1_1_2026_V%C3%85R",200,TRUE,379862,"cacb3d93fb4e5562a59aa74200d2baf19756636a"
"usn","MG2UV2-1",2026,"V","https://www.usn.no/studier/studie-og-emneplaner/#/emne/MG2UV2_1_2026_V%C3%85R",200,TRUE,379862,"901422c7ece736003d5037ef725f41b974975ce3"
"usn","MG1SP1-1",2026,"V","https://www.usn.no/studier/studie-og-emneplaner/#/emne/MG1SP1_1_2026_V%C3%85R",200,TRUE,379862,"8dee8657d0827812cc933caa81aa13654d826340"
"usn","MG2MH1-1",2026,"V","https://www.usn.no/studier/studie-og-emneplaner/#/emne/MG2MH1_1_2026_V%C3%85R",200,TRUE,379862,"b0d6e33a918a85eedff3c6b3c039a17a89dfedc2"
"usn","MG2MH2-1",2026,"V","https://www.usn.no/studier/studie-og-emneplaner/#/emne/MG2MH2_1_2026_V%C3%85R",200,TRUE,379862,"ad7b2acdc37b6789c5372b8cc02e69fce1fc1a29"
"usn","MG2MU1-1",2026,"V","https://www.usn.no/studier/studie-og-emneplaner/#/emne/MG2MU1_1_2026_V%C3%85R",200,TRUE,379862,"b54668ee01675d884cb13a13bf9ffd690fe625ac"
"usn","MG2MU2-1",2026,"V","https://www.usn.no/studier/studie-og-emneplaner/#/emne/MG2MU2_1_2026_V%C3%85R",200,TRUE,379862,"230cf8fa3ab485eb55ad43f9d5742ffd29be06b7"
"usn","MG2NA1-1",2026,"V","https://www.usn.no/studier/studie-og-emneplaner/#/emne/MG2NA1_1_2026_V%C3%85R",200,TRUE,379862,"e8e5904bfbc172fe8aad89f15ab7866178a2e9ad"
"usn","MG2NA2-1",2026,"V","https://www.usn.no/studier/studie-og-emneplaner/#/emne/MG2NA2_1_2026_V%C3%85R",200,TRUE,379862,"bf39aad732e35e24a9c0fc42e7f96112215a8c73"
"usn","MG2NO1-2",2026,"V","https://www.usn.no/studier/studie-og-emneplaner/#/emne/MG2NO1_2_2026_V%C3%85R",200,TRUE,379862,"7f74d641dd3f2c9ab3f6620debcb95cef1a24e45"
"usn","MG2NO2-2",2026,"V","https://www.usn.no/studier/studie-og-emneplaner/#/emne/MG2NO2_2_2026_V%C3%85R",200,TRUE,379862,"a5f24490f025d7581e8f9bc3cd03a024ba1a7fc5"
"usn","MG2NO3-2",2026,"V","https://www.usn.no/studier/studie-og-emneplaner/#/emne/MG2NO3_2_2026_V%C3%85R",200,TRUE,379862,"a4d75d5719fcf656ea9d53e6c264015a1ae32661"
"usn","MG2PE1-2",2026,"V","https://www.usn.no/studier/studie-og-emneplaner/#/emne/MG2PE1_2_2026_V%C3%85R",200,TRUE,379862,"75b3f5f668d37bec99b1146cd33da5d4d2676de5"
"usn","MG2PE2-2",2026,"V","https://www.usn.no/studier/studie-og-emneplaner/#/emne/MG2PE2_2_2026_V%C3%85R",200,TRUE,379862,"6433db1ade2024a474cfe402f15b401c36cbf716"
"usn","MG2PE3-2",2026,"V","https://www.usn.no/studier/studie-og-emneplaner/#/emne/MG2PE3_2_2026_V%C3%85R",200,TRUE,379862,"addc36512d43394a4f9a165f0fed3802991ef454"
"usn","MG2PP1-1",2026,"V","https://www.usn.no/studier/studie-og-emneplaner/#/emne/MG2PP1_1_2026_V%C3%85R",200,TRUE,379862,"3abd72077385c2a75a4d21ba02d25275799c185a"
"usn","MG2PP2-1",2026,"V","https://www.usn.no/studier/studie-og-emneplaner/#/emne/MG2PP2_1_2026_V%C3%85R",200,TRUE,379862,"984b99bf451cfbcbce04e5dd4cfdc13ebd38fc6f"
"usn","MG2PR1-1",2026,"V","https://www.usn.no/studier/studie-og-emneplaner/#/emne/MG2PR1_1_2026_V%C3%85R",200,TRUE,379862,"c1af7299fd625e66197f92fd108f769f16adb5a2"
"usn","MG2PR2-1",2026,"V","https://www.usn.no/studier/studie-og-emneplaner/#/emne/MG2PR2_1_2026_V%C3%85R",200,TRUE,379862,"28efd67ac7c41117ce097d105de935640ed589f1"
"usn","MG2PR3-1",2026,"V","https://www.usn.no/studier/studie-og-emneplaner/#/emne/MG2PR3_1_2026_V%C3%85R",200,TRUE,379862,"5a9a7b55827c08cc12d08a11c234132ea6ac49bb"
"usn","MG1KH6-1",2025,"H","https://www.usn.no/studier/studie-og-emneplaner/#/emne/MG1KH6_1_2025_H%C3%98ST",200,TRUE,379864,"4022b7add2fbf39981735ce3b2abd81a2656c518"
"usn","MG1KH5-1",2025,"H","https://www.usn.no/studier/studie-og-emneplaner/#/emne/MG1KH5_1_2025_H%C3%98ST",200,TRUE,379864,"5358c8deed9a379e37ad7678a6d77d949f075b6f"
"usn","MG1KH4-1",2025,"H","https://www.usn.no/studier/studie-og-emneplaner/#/emne/MG1KH4_1_2025_H%C3%98ST",200,TRUE,379864,"02cd50cb3241304238fc194163a2101300e160ae"
"usn","MG1BO3-1",2025,"H","https://www.usn.no/studier/studie-og-emneplaner/#/emne/MG1BO3_1_2025_H%C3%98ST",200,TRUE,379864,"ecae6448bb91a727ab112dbf0ca5ac67e14302ab"
"usn","MG1BO2-1",2025,"H","https://www.usn.no/studier/studie-og-emneplaner/#/emne/MG1BO2_1_2025_H%C3%98ST",200,TRUE,379864,"0cd906261bf4c7111e7860d88673fd3dbd7530e1"
"usn","MG1BO1-1",2025,"H","https://www.usn.no/studier/studie-og-emneplaner/#/emne/MG1BO1_1_2025_H%C3%98ST",200,TRUE,379864,"6a7edcb1005703e3dd19b204ffe7ba91e54e8410"
"usn","LUPEPRA1-1",2025,"H","https://www.usn.no/studier/studie-og-emneplaner/#/emne/LUPEPRA1_1_2025_H%C3%98ST",200,TRUE,379868,"02078ffde8d061e0ae3a27225134111b7be37b60"
"usn","LUPEPRA2-1",2025,"H","https://www.usn.no/studier/studie-og-emneplaner/#/emne/LUPEPRA2_1_2025_H%C3%98ST",200,TRUE,379868,"5fe1d0a7c363076e675fe5745fa7a9f2bc5d957e"
"usn","LUPE106-1",2025,"H","https://www.usn.no/studier/studie-og-emneplaner/#/emne/LUPE106_1_2025_H%C3%98ST",200,TRUE,379866,"d3130f5bc0a3a03da1b25db95b903a421f555178"
"usn","LUPE105-1",2025,"H","https://www.usn.no/studier/studie-og-emneplaner/#/emne/LUPE105_1_2025_H%C3%98ST",200,TRUE,379866,"6f45ab77c3f43165ed7748a0778bfbab11c513b9"
"usn","LUPE104-1",2025,"H","https://www.usn.no/studier/studie-og-emneplaner/#/emne/LUPE104_1_2025_H%C3%98ST",200,TRUE,379866,"69967b6eb4f6fea999919df528336427a9ee0e32"
"usn","LUPE103-1",2025,"H","https://www.usn.no/studier/studie-og-emneplaner/#/emne/LUPE103_1_2025_H%C3%98ST",200,TRUE,379866,"baf17a6550947853ac2814c4c375318fe85276c9"
"usn","LUPE102-1",2025,"H","https://www.usn.no/studier/studie-og-emneplaner/#/emne/LUPE102_1_2025_H%C3%98ST",200,TRUE,379866,"663fe17bf605fda7fc4d524914793fed79b2958d"
"usn","LUPE101-1",2025,"H","https://www.usn.no/studier/studie-og-emneplaner/#/emne/LUPE101_1_2025_H%C3%98ST",200,TRUE,379866,"b77e80ddfd7f1f47db8f6a9bc24ed853509ca51a"
"usn","LR-MFY5100-1",2025,"H","https://www.usn.no/studier/studie-og-emneplaner/#/emne/LR_MFY5100_1_2025_H%C3%98ST",200,TRUE,379872,"67a60b5ac5ab6a37f30206edad205ba69e9b2612"
"usn","LRMF510-1",2025,"H","https://www.usn.no/studier/studie-og-emneplaner/#/emne/LRMF510_1_2025_H%C3%98ST",200,TRUE,379866,"596da44822a7c9fa20ae0001ad3241d7da2e1792"
"usn","LRMA520-1",2025,"H","https://www.usn.no/studier/studie-og-emneplaner/#/emne/LRMA520_1_2025_H%C3%98ST",200,TRUE,379866,"c99d9525f232c0646cb98c823cdd0e733e6e142f"
"usn","MG2KR7-1",2025,"H","https://www.usn.no/studier/studie-og-emneplaner/#/emne/MG2KR7_1_2025_H%C3%98ST",200,TRUE,379864,"ead40a3d3c5e8ce5559085a3d8f693bea5a3dcb4"
"usn","MG1PP3B-1",2025,"H","https://www.usn.no/studier/studie-og-emneplaner/#/emne/MG1PP3B_1_2025_H%C3%98ST",200,TRUE,379866,"493bea775fad7bb59f68ec4494b84421006886e2"
"usn","MG1PP3A-1",2025,"H","https://www.usn.no/studier/studie-og-emneplaner/#/emne/MG1PP3A_1_2025_H%C3%98ST",200,TRUE,379866,"090704a1cdaabc7366601be17a1682dd3393b632"
"usn","MG1PE4-1",2025,"H","https://www.usn.no/studier/studie-og-emneplaner/#/emne/MG1PE4_1_2025_H%C3%98ST",200,TRUE,379864,"9f00597432df2e921eb42babf29861e0b8b6cacb"
"usn","MG1PE3-1",2025,"H","https://www.usn.no/studier/studie-og-emneplaner/#/emne/MG1PE3_1_2025_H%C3%98ST",200,TRUE,379864,"fc572b7db5cbd2615b33c05dcd7b4561aa3069f1"
"usn","MG2KR6-1",2025,"H","https://www.usn.no/studier/studie-og-emneplaner/#/emne/MG2KR6_1_2025_H%C3%98ST",200,TRUE,379864,"3c6525becb56f2f6867e8ea055ff0b5ea25603e9"
"usn","MG2KR5-1",2025,"H","https://www.usn.no/studier/studie-og-emneplaner/#/emne/MG2KR5_1_2025_H%C3%98ST",200,TRUE,379864,"ecd8751b80e41b616fb4d8b97a03bcb4d0d309a1"
"usn","MG2KR4-1",2025,"H","https://www.usn.no/studier/studie-og-emneplaner/#/emne/MG2KR4_1_2025_H%C3%98ST",200,TRUE,379864,"3628186e6a3d6154f5e6f05cfd081edfe2d6d56c"
"usn","MG2KH6-1",2025,"H","https://www.usn.no/studier/studie-og-emneplaner/#/emne/MG2KH6_1_2025_H%C3%98ST",200,TRUE,379864,"35a00b4ac28bb1c16ec4687035f0b42d0ddecac5"
"usn","MG2KH5-1",2025,"H","https://www.usn.no/studier/studie-og-emneplaner/#/emne/MG2KH5_1_2025_H%C3%98ST",200,TRUE,379864,"5e9fadfc5142abcd135391bed1dcf4c6ceff5af7"
"usn","MG2KH4-1",2025,"H","https://www.usn.no/studier/studie-og-emneplaner/#/emne/MG2KH4_1_2025_H%C3%98ST",200,TRUE,379864,"5787613b7f01321e09ca841108ae9c17bdaf4f5e"
"usn","LDKHPR1-1",2025,"H","https://www.usn.no/studier/studie-og-emneplaner/#/emne/LDKHPR1_1_2025_H%C3%98ST",200,TRUE,379866,"ade83b42580551903280c5999e79e0c211dc60a5"
"usn","LDKH105-1",2025,"H","https://www.usn.no/studier/studie-og-emneplaner/#/emne/LDKH105_1_2025_H%C3%98ST",200,TRUE,379866,"d58474f93be5bdd28a0d4d021b00b9e624e8bfe1"
"usn","LDKH104-1",2025,"H","https://www.usn.no/studier/studie-og-emneplaner/#/emne/LDKH104_1_2025_H%C3%98ST",200,TRUE,379866,"5280c25c66cba477d7cd8738f736c0319f10fcaf"
"usn","LDKH103-1",2025,"H","https://www.usn.no/studier/studie-og-emneplaner/#/emne/LDKH103_1_2025_H%C3%98ST",200,TRUE,379866,"df19f905671c52496f29983e62d89f32d1934266"
"usn","LDKH102-1",2025,"H","https://www.usn.no/studier/studie-og-emneplaner/#/emne/LDKH102_1_2025_H%C3%98ST",200,TRUE,379866,"d8ea8af45f6465f82378709f07d8963a3532faad"
"usn","LDKH101-1",2025,"H","https://www.usn.no/studier/studie-og-emneplaner/#/emne/LDKH101_1_2025_H%C3%98ST",200,TRUE,379866,"277920602202664898c84717223ecc4f284e03eb"
"usn","MG2NA4-1",2025,"H","https://www.usn.no/studier/studie-og-emneplaner/#/emne/MG2NA4_1_2025_H%C3%98ST",200,TRUE,379864,"802d578aad87b9c89f70d3268520edc5bb639464"
"usn","MG2NA3-1",2025,"H","https://www.usn.no/studier/studie-og-emneplaner/#/emne/MG2NA3_1_2025_H%C3%98ST",200,TRUE,379864,"a2d9f04ac273da76fd724037655a27c01dea68b6"
"usn","MG2MA7-1",2025,"H","https://www.usn.no/studier/studie-og-emneplaner/#/emne/MG2MA7_1_2025_H%C3%98ST",200,TRUE,379864,"9497090a656c5c11190084ae61e65a42d6fd4f63"
"usn","MG2MA6-1",2025,"H","https://www.usn.no/studier/studie-og-emneplaner/#/emne/MG2MA6_1_2025_H%C3%98ST",200,TRUE,379864,"0edcdfb74710c303459cfd97342ee7be969d9803"
"usn","MG2MA5-1",2025,"H","https://www.usn.no/studier/studie-og-emneplaner/#/emne/MG2MA5_1_2025_H%C3%98ST",200,TRUE,379864,"b1f1352617b2b1fdf20436919981c242d4379249"
"usn","MG1NO8-1",2025,"H","https://www.usn.no/studier/studie-og-emneplaner/#/emne/MG1NO8_1_2025_H%C3%98ST",200,TRUE,379864,"6723f269f7a5f8c085664cbb0bea8f811f82281b"
"usn","MG1NO7-1",2025,"H","https://www.usn.no/studier/studie-og-emneplaner/#/emne/MG1NO7_1_2025_H%C3%98ST",200,TRUE,379864,"09f99aaa3fc35df532ec1377957bd347c7e1f53f"
"usn","MG1NO6-1",2025,"H","https://www.usn.no/studier/studie-og-emneplaner/#/emne/MG1NO6_1_2025_H%C3%98ST",200,TRUE,379864,"40905695fe641bcd308f93145e4e74ab6054c7a0"
"usn","MG1NO5-1",2025,"H","https://www.usn.no/studier/studie-og-emneplaner/#/emne/MG1NO5_1_2025_H%C3%98ST",200,TRUE,379864,"f3b2e1e3b43662b7213db687f091113e85be3a24"
"usn","MG1NO4-1",2025,"H","https://www.usn.no/studier/studie-og-emneplaner/#/emne/MG1NO4_1_2025_H%C3%98ST",200,TRUE,379864,"6a8d9ef9a3ebc2ecbf8ba88354f8a2caf7f0807b"
"usn","MG1NA7-1",2025,"H","https://www.usn.no/studier/studie-og-emneplaner/#/emne/MG1NA7_1_2025_H%C3%98ST",200,TRUE,379864,"8b7e5bb60d789a01d20e4e7ba72bb9617ce70fae"
"usn","MG1NA6-1",2025,"H","https://www.usn.no/studier/studie-og-emneplaner/#/emne/MG1NA6_1_2025_H%C3%98ST",200,TRUE,379864,"4c87dc5d4df6a004974669a2a41e6d393570af0f"
"usn","MG1NA5-1",2025,"H","https://www.usn.no/studier/studie-og-emneplaner/#/emne/MG1NA5_1_2025_H%C3%98ST",200,TRUE,379864,"8173204e82a347983e2903817d9559698ff8272e"
"usn","MG1MA7-1",2025,"H","https://www.usn.no/studier/studie-og-emneplaner/#/emne/MG1MA7_1_2025_H%C3%98ST",200,TRUE,379864,"2df7b9b9e10a204ba2766838a58cb98e658d94a4"
"usn","MG1MA6-1",2025,"H","https://www.usn.no/studier/studie-og-emneplaner/#/emne/MG1MA6_1_2025_H%C3%98ST",200,TRUE,379864,"24c63421492a2e6d73d41a590291abde688715f5"
"usn","MG1MA5-1",2025,"H","https://www.usn.no/studier/studie-og-emneplaner/#/emne/MG1MA5_1_2025_H%C3%98ST",200,TRUE,379864,"d0d103fc38acfc8a9743579a98dafd22321601f4"
"usn","MG1MA4-1",2025,"H","https://www.usn.no/studier/studie-og-emneplaner/#/emne/MG1MA4_1_2025_H%C3%98ST",200,TRUE,379864,"55d89179fc709314629d3e60b9b58b0aec89e1f5"
"usn","MG1KR7-1",2025,"H","https://www.usn.no/studier/studie-og-emneplaner/#/emne/MG1KR7_1_2025_H%C3%98ST",200,TRUE,379864,"11cfb5d61aadba04375756079c4d7654b77cc659"
"usn","MG1KR6-1",2025,"H","https://www.usn.no/studier/studie-og-emneplaner/#/emne/MG1KR6_1_2025_H%C3%98ST",200,TRUE,379864,"bad8d95f8adeb7a23736d08a5f6bb77f89f8d807"
"usn","MG1KR5-1",2025,"H","https://www.usn.no/studier/studie-og-emneplaner/#/emne/MG1KR5_1_2025_H%C3%98ST",200,TRUE,379864,"3cc312e11224aea26875952944821b71939ebfaa"
"usn","MG1KR4-1",2025,"H","https://www.usn.no/studier/studie-og-emneplaner/#/emne/MG1KR4_1_2025_H%C3%98ST",200,TRUE,379864,"60dfec0c7056fb5267165949001f296871284551"
"usn","MG2NO8-1",2025,"H","https://www.usn.no/studier/studie-og-emneplaner/#/emne/MG2NO8_1_2025_H%C3%98ST",200,TRUE,379864,"47536d02ef2358628a17b6c56b649002f442a36d"
"usn","MG2NO7-1",2025,"H","https://www.usn.no/studier/studie-og-emneplaner/#/emne/MG2NO7_1_2025_H%C3%98ST",200,TRUE,379864,"5cddd5f24637fd432624a80585aa2888ce353d6a"
"usn","MG2NO6-1",2025,"H","https://www.usn.no/studier/studie-og-emneplaner/#/emne/MG2NO6_1_2025_H%C3%98ST",200,TRUE,379864,"64fb988dc39a770076797bdb0d72979a5c3080d1"
"usn","MG2NO5-1",2025,"H","https://www.usn.no/studier/studie-og-emneplaner/#/emne/MG2NO5_1_2025_H%C3%98ST",200,TRUE,379864,"8844a238dd34eaf42953035ff96fc8dc79a44e64"
"usn","MG1VM1-1",2025,"H","https://www.usn.no/studier/studie-og-emneplaner/#/emne/MG1VM1_1_2025_H%C3%98ST",200,TRUE,379864,"c710efd0d00d5790f0db638cf974ce794f5c96f0"
"usn","MG1SP3-1",2025,"H","https://www.usn.no/studier/studie-og-emneplaner/#/emne/MG1SP3_1_2025_H%C3%98ST",200,TRUE,379864,"75fdf80720a0a5e09f1530136078d53a23a0efe0"
"usn","MG1SP2B-1",2025,"H","https://www.usn.no/studier/studie-og-emneplaner/#/emne/MG1SP2B_1_2025_H%C3%98ST",200,TRUE,379866,"75c9b799688c6f4de017287cd677cb0f5807f965"
"usn","MG1SP2A-1",2025,"H","https://www.usn.no/studier/studie-og-emneplaner/#/emne/MG1SP2A_1_2025_H%C3%98ST",200,TRUE,379866,"638ae58c0ec8c28cbd6c907684cf5b4180d54dd5"
"usn","MG1SA8-1",2025,"H","https://www.usn.no/studier/studie-og-emneplaner/#/emne/MG1SA8_1_2025_H%C3%98ST",200,TRUE,379864,"a9fe5864ce381c0b65ec966186d5a5765a0e6185"
"usn","MG1SA7-1",2025,"H","https://www.usn.no/studier/studie-og-emneplaner/#/emne/MG1SA7_1_2025_H%C3%98ST",200,TRUE,379864,"301b3e82e1a3809e15d3662818c94b5069c71f5d"
"usn","MG1SA6-1",2025,"H","https://www.usn.no/studier/studie-og-emneplaner/#/emne/MG1SA6_1_2025_H%C3%98ST",200,TRUE,379864,"8ce83cc665bba7da82a7cdf46b3da3b2d495b7d3"
"usn","MG1SA5-1",2025,"H","https://www.usn.no/studier/studie-og-emneplaner/#/emne/MG1SA5_1_2025_H%C3%98ST",200,TRUE,379864,"3010bdc65bcaaeb3de963090696147e8f83090da"
"usn","MG1SA4-1",2025,"H","https://www.usn.no/studier/studie-og-emneplaner/#/emne/MG1SA4_1_2025_H%C3%98ST",200,TRUE,379864,"4e0c663f294203e3ce9543160ae450172ab36ab6"
"usn","MG1PP4-1",2025,"H","https://www.usn.no/studier/studie-og-emneplaner/#/emne/MG1PP4_1_2025_H%C3%98ST",200,TRUE,379864,"1a3507e8ad5d57553bd66792a7a801f4ccc6bbef"
"usn","MG1PP3D-1",2025,"H","https://www.usn.no/studier/studie-og-emneplaner/#/emne/MG1PP3D_1_2025_H%C3%98ST",200,TRUE,379866,"a6596287a6d3176995451f90c2a171eff289cf76"
"usn","MG1PP3C-1",2025,"H","https://www.usn.no/studier/studie-og-emneplaner/#/emne/MG1PP3C_1_2025_H%C3%98ST",200,TRUE,379866,"e27a26bbd7abcb02e1f6f5c8747405b677bfce9f"
"usn","MG2NA7-1",2025,"H","https://www.usn.no/studier/studie-og-emneplaner/#/emne/MG2NA7_1_2025_H%C3%98ST",200,TRUE,379864,"fa8b31357dc57afc8cc8c66a9831ad753f94be50"
"usn","MG2NA6-1",2025,"H","https://www.usn.no/studier/studie-og-emneplaner/#/emne/MG2NA6_1_2025_H%C3%98ST",200,TRUE,379864,"2af26ae283153847a416d2e36f3f1ed742a1feb4"
"usn","MG2NA5-1",2025,"H","https://www.usn.no/studier/studie-og-emneplaner/#/emne/MG2NA5_1_2025_H%C3%98ST",200,TRUE,379864,"d857a22c569a19fff7ef497fe3fe38ab1a534ac8"
"usn","MG2SA8-1",2025,"H","https://www.usn.no/studier/studie-og-emneplaner/#/emne/MG2SA8_1_2025_H%C3%98ST",200,TRUE,379864,"2bbe99fb3f2d9d9bac69f635b4eeafae28d3d421"
"usn","MG2SA7-1",2025,"H","https://www.usn.no/studier/studie-og-emneplaner/#/emne/MG2SA7_1_2025_H%C3%98ST",200,TRUE,379864,"5d226de1dd2dc709c1eda32c58aa0cd114d276e1"
"usn","MG2SA6-1",2025,"H","https://www.usn.no/studier/studie-og-emneplaner/#/emne/MG2SA6_1_2025_H%C3%98ST",200,TRUE,379864,"538ed0b9c2594b69986170901a887ecb2bfd5f22"
"usn","MG2SA5-1",2025,"H","https://www.usn.no/studier/studie-og-emneplaner/#/emne/MG2SA5_1_2025_H%C3%98ST",200,TRUE,379864,"ac871275a703c5acddb7295dc8e849748d7ddc93"
"usn","MG2RL7-1",2025,"H","https://www.usn.no/studier/studie-og-emneplaner/#/emne/MG2RL7_1_2025_H%C3%98ST",200,TRUE,379864,"8b3ef6736afc932b7682a80a544bfae7c94cf958"
"usn","MG2RL6-1",2025,"H","https://www.usn.no/studier/studie-og-emneplaner/#/emne/MG2RL6_1_2025_H%C3%98ST",200,TRUE,379864,"9533fb408026c14ea5b824ad5d2dca2712bdc187"
"usn","MG2RL5-1",2025,"H","https://www.usn.no/studier/studie-og-emneplaner/#/emne/MG2RL5_1_2025_H%C3%98ST",200,TRUE,379864,"5ddb2722389b86acfb2597b093cf6f8836f289dd"
"usn","MG2RL4-1",2025,"H","https://www.usn.no/studier/studie-og-emneplaner/#/emne/MG2RL4_1_2025_H%C3%98ST",200,TRUE,379864,"74d39dfe42e0450b3519b8f9479f6c88c44c9cee"
"usn","MG2PP4-1",2025,"H","https://www.usn.no/studier/studie-og-emneplaner/#/emne/MG2PP4_1_2025_H%C3%98ST",200,TRUE,379864,"3a2beff3f3e194ce1c0ded55db0178ca2b228ad1"
"usn","MG2PE4-1",2025,"H","https://www.usn.no/studier/studie-og-emneplaner/#/emne/MG2PE4_1_2025_H%C3%98ST",200,TRUE,379864,"d092c53e28b86551b18ef307b4f1bcd346f29b20"
"usn","MG2PE3-1",2025,"H","https://www.usn.no/studier/studie-og-emneplaner/#/emne/MG2PE3_1_2025_H%C3%98ST",200,TRUE,379864,"dffd066ace953c01433d21b37fad59db66d4c43a"
"usn","MG1FOU-1",2026,"V","https://www.usn.no/studier/studie-og-emneplaner/#/emne/MG1FOU_1_2026_V%C3%85R",200,TRUE,379862,"e8fd540f72eaffaf136e1e5ccaab69bab41bb337"
"usn","MG2FOU-1",2026,"V","https://www.usn.no/studier/studie-og-emneplaner/#/emne/MG2FOU_1_2026_V%C3%85R",200,TRUE,379862,"99437b168e6909222a438deb7b6cbcba878f0425"
"usn","MG2MA1-1",2025,"H","https://www.usn.no/studier/studie-og-emneplaner/#/emne/MG2MA1_1_2025_H%C3%98ST",200,TRUE,379864,"3469a650b171c7dcfa3355578c30143fed6b7440"
"usn","MG2PE2-1",2025,"H","https://www.usn.no/studier/studie-og-emneplaner/#/emne/MG2PE2_1_2025_H%C3%98ST",200,TRUE,379864,"11023b305f2457e6f73dc876f9199e4ce9f7c2a1"
"usn","MG1SN-1",2025,"H","https://www.usn.no/studier/studie-og-emneplaner/#/emne/MG1SN_1_2025_H%C3%98ST",200,TRUE,379862,"dbef36e723b1362698bfc184c4eeb11bbde237a3"
"usn","LR-PRA4000-1",2025,"H","https://www.usn.no/studier/studie-og-emneplaner/#/emne/LR_PRA4000_1_2025_H%C3%98ST",200,TRUE,379872,"bd01fb69423ab2418a40772065f77df1fcc312cb"
"usn","MG1PE2-1",2026,"V","https://www.usn.no/studier/studie-og-emneplaner/#/emne/MG1PE2_1_2026_V%C3%85R",200,TRUE,379862,"8d932f649b6a3ace88554d67e246da567118c8ee"
"usn","LR-MAT4200-1",2026,"V","https://www.usn.no/studier/studie-og-emneplaner/#/emne/LR_MAT4200_1_2026_V%C3%85R",200,TRUE,379870,"cfdca5df5c92f4dc288b88c95946b36127e5cd47"
"usn","LRMA510-1",2026,"V","https://www.usn.no/studier/studie-og-emneplaner/#/emne/LRMA510_1_2026_V%C3%85R",200,TRUE,379864,"2aab5733b4c236cdc4b45e98bea843a637a6a7fe"
"usn","LRDI510-1",2026,"V","https://www.usn.no/studier/studie-og-emneplaner/#/emne/LRDI510_1_2026_V%C3%85R",200,TRUE,379864,"5e3ba59e6f63e693e3098a09047407ce90b61d78"
"usn","MG1RL7-1",2026,"V","https://www.usn.no/studier/studie-og-emneplaner/#/emne/MG1RL7_1_2026_V%C3%85R",200,TRUE,379862,"4972a76a4d0b3f1ff95f4cb1700081f627626b00"
"usn","LDKHPR2-1",2025,"H","https://www.usn.no/studier/studie-og-emneplaner/#/emne/LDKHPR2_1_2025_H%C3%98ST",200,TRUE,379866,"e845b1a4f1d4073ed33a8e5b94ad99cfe57b32be"
"usn","LDKH106-1",2025,"H","https://www.usn.no/studier/studie-og-emneplaner/#/emne/LDKH106_1_2025_H%C3%98ST",200,TRUE,379866,"cad6d470c80b341ab93a3441130cc9772fcdb271"
"usn","LDKH107-1",2025,"H","https://www.usn.no/studier/studie-og-emneplaner/#/emne/LDKH107_1_2025_H%C3%98ST",200,TRUE,379866,"7ba7450ec3f65fa053a51e31a18820fd34c46390"
"usn","LUPEPRA3-1",2025,"H","https://www.usn.no/studier/studie-og-emneplaner/#/emne/LUPEPRA3_1_2025_H%C3%98ST",200,TRUE,379868,"cc7e06302eb9f699b72f8f9dd89d86efb720e111"
"usn","MG1FOU-2",2025,"H","https://www.usn.no/studier/studie-og-emneplaner/#/emne/MG1FOU_2_2025_H%C3%98ST",200,TRUE,379864,"ef1ea14c6180404891d8ff309a1300dbcf601b81"
"usn","MG2SA9-1",2025,"H","https://www.usn.no/studier/studie-og-emneplaner/#/emne/MG2SA9_1_2025_H%C3%98ST",200,TRUE,379864,"7ab5f262a6e9ac4d4098078853e1f1dd2c0686dc"
"usn","MG1SA9-1",2025,"H","https://www.usn.no/studier/studie-og-emneplaner/#/emne/MG1SA9_1_2025_H%C3%98ST",200,TRUE,379864,"ecc9d90021b2c021e8b3e72d5a7c2151fed0fd8c"
"usn","MG1RL5-1",2025,"H","https://www.usn.no/studier/studie-og-emneplaner/#/emne/MG1RL5_1_2025_H%C3%98ST",200,TRUE,379864,"8d223e0954fee2a95ef147880d70841cdafadac4"
"usn","MG1RL6-1",2025,"H","https://www.usn.no/studier/studie-og-emneplaner/#/emne/MG1RL6_1_2025_H%C3%98ST",200,TRUE,379864,"f6afd3f3d44544367a4307f1d9851f0131db09a9"
"usn","MG1SM-1",2025,"H","https://www.usn.no/studier/studie-og-emneplaner/#/emne/MG1SM_1_2025_H%C3%98ST",200,TRUE,379862,"e4b49c68588d345811fa4abdad94325bdde9d4bd"
"usn","MG1SA3-1",2025,"H","https://www.usn.no/studier/studie-og-emneplaner/#/emne/MG1SA3_1_2025_H%C3%98ST",200,TRUE,379864,"f63128e9b397a680c44ae3e40de4c708450afc37"
"usn","MG1SA2-1",2025,"H","https://www.usn.no/studier/studie-og-emneplaner/#/emne/MG1SA2_1_2025_H%C3%98ST",200,TRUE,379864,"41cff77658f2b8492ca7b467494be0969cc3823b"
"usn","MG1SA1-1",2025,"H","https://www.usn.no/studier/studie-og-emneplaner/#/emne/MG1SA1_1_2025_H%C3%98ST",200,TRUE,379864,"4a291521367794ad9477efacf788717495b12415"
"usn","MG1RL3-1",2025,"H","https://www.usn.no/studier/studie-og-emneplaner/#/emne/MG1RL3_1_2025_H%C3%98ST",200,TRUE,379864,"941a0feed020868cb2f0488717e049e87477a897"
"usn","MG1RL4-1",2025,"H","https://www.usn.no/studier/studie-og-emneplaner/#/emne/MG1RL4_1_2025_H%C3%98ST",200,TRUE,379864,"5817aa0f80976e38bee7fdbb9b6ffdb47a5da9b1"
"usn","MG1RL2-1",2025,"H","https://www.usn.no/studier/studie-og-emneplaner/#/emne/MG1RL2_1_2025_H%C3%98ST",200,TRUE,379864,"e5ebb08e89c310a734eeeee3bbd876a3d20c69b3"
"usn","MG1RL1-1",2025,"H","https://www.usn.no/studier/studie-og-emneplaner/#/emne/MG1RL1_1_2025_H%C3%98ST",200,TRUE,379864,"57afdcdc5c8802fe9282a112c335f00868f68a10"
"usn","MG1PR4-1",2025,"H","https://www.usn.no/studier/studie-og-emneplaner/#/emne/MG1PR4_1_2025_H%C3%98ST",200,TRUE,379864,"6b26b6cf19a59c68223b6aa34e50b15b4ec8467b"
"usn","MG1PR3-1",2025,"H","https://www.usn.no/studier/studie-og-emneplaner/#/emne/MG1PR3_1_2025_H%C3%98ST",200,TRUE,379864,"e32b3589d119d7d7b51b82809e6ec71c1dd78341"
"usn","MG1PR2-1",2025,"H","https://www.usn.no/studier/studie-og-emneplaner/#/emne/MG1PR2_1_2025_H%C3%98ST",200,TRUE,379864,"093f01937780a931fe08a9f77c1d7921d474952d"
"usn","MG1PR1-1",2025,"H","https://www.usn.no/studier/studie-og-emneplaner/#/emne/MG1PR1_1_2025_H%C3%98ST",200,TRUE,379864,"230ca7103ec4dc26a6a60c847c0913c1e2085288"
"usn","MG1PP2-1",2025,"H","https://www.usn.no/studier/studie-og-emneplaner/#/emne/MG1PP2_1_2025_H%C3%98ST",200,TRUE,379864,"69cc29202b18736ca15cb7aa0a11e5d7c75f0d80"
"usn","MG1PP1-1",2025,"H","https://www.usn.no/studier/studie-og-emneplaner/#/emne/MG1PP1_1_2025_H%C3%98ST",200,TRUE,379864,"ef3cc728562d5fa60b74f04c043b686b0e0c077a"
"usn","MG1PE3-2",2025,"H","https://www.usn.no/studier/studie-og-emneplaner/#/emne/MG1PE3_2_2025_H%C3%98ST",200,TRUE,379864,"c8b06a767546a27351b5f35b92869f050949cca6"
"usn","MG1PE2-2",2025,"H","https://www.usn.no/studier/studie-og-emneplaner/#/emne/MG1PE2_2_2025_H%C3%98ST",200,TRUE,379864,"1188c68fe033179d56195870c4102acbed993052"
"usn","MG1PE1-2",2025,"H","https://www.usn.no/studier/studie-og-emneplaner/#/emne/MG1PE1_2_2025_H%C3%98ST",200,TRUE,379864,"8f6249712ec0280eb7f4bb82b36fc47ec4c4e24e"
"usn","MG1NO3-1",2025,"H","https://www.usn.no/studier/studie-og-emneplaner/#/emne/MG1NO3_1_2025_H%C3%98ST",200,TRUE,379864,"5b72c118a2fd9162d1bdcc4d0f6a443ca5eeaa78"
"usn","MG1NO2-2",2025,"H","https://www.usn.no/studier/studie-og-emneplaner/#/emne/MG1NO2_2_2025_H%C3%98ST",200,TRUE,379864,"d26ac25121b191b8dcbfe4ad1e791951ef1e36fc"
"usn","MG1NO1-2",2025,"H","https://www.usn.no/studier/studie-og-emneplaner/#/emne/MG1NO1_2_2025_H%C3%98ST",200,TRUE,379864,"5a8ded5814a4786f19aac8f75480b685c017c814"
"usn","MG1NA4-1",2025,"H","https://www.usn.no/studier/studie-og-emneplaner/#/emne/MG1NA4_1_2025_H%C3%98ST",200,TRUE,379864,"eba962441ce76f0ea3bba60c8d5387c90a983d01"
"usn","MG1NA3-1",2025,"H","https://www.usn.no/studier/studie-og-emneplaner/#/emne/MG1NA3_1_2025_H%C3%98ST",200,TRUE,379864,"cb73adab3f187c9e2f6c201b4cfdc991d5ed7341"
"usn","MG2MA3-2",2025,"H","https://www.usn.no/studier/studie-og-emneplaner/#/emne/MG2MA3_2_2025_H%C3%98ST",200,TRUE,379864,"39576cbe3521d42d5dfff06e94e09832c6980334"
"usn","MG2MA2-2",2025,"H","https://www.usn.no/studier/studie-og-emneplaner/#/emne/MG2MA2_2_2025_H%C3%98ST",200,TRUE,379864,"41b008639370e339db85a0cce6a02397dc934485"
"usn","MG2MA1-2",2025,"H","https://www.usn.no/studier/studie-og-emneplaner/#/emne/MG2MA1_2_2025_H%C3%98ST",200,TRUE,379864,"5c04c04eaf2516d517d8b8a8b54df60afe8cad65"
"usn","MG2KR3-1",2025,"H","https://www.usn.no/studier/studie-og-emneplaner/#/emne/MG2KR3_1_2025_H%C3%98ST",200,TRUE,379864,"337a60c36e94d666f72c6bc632726027cc0f0c15"
"usn","MG1NA2-1",2025,"H","https://www.usn.no/studier/studie-og-emneplaner/#/emne/MG1NA2_1_2025_H%C3%98ST",200,TRUE,379864,"79122c914489226a7ed9593f11f66344e1b4eab6"
"usn","MG1NA1-1",2025,"H","https://www.usn.no/studier/studie-og-emneplaner/#/emne/MG1NA1_1_2025_H%C3%98ST",200,TRUE,379864,"bbaf45b74ea275fed12b97a3f05a87a5572243ca"
"usn","MG1MU2-1",2025,"H","https://www.usn.no/studier/studie-og-emneplaner/#/emne/MG1MU2_1_2025_H%C3%98ST",200,TRUE,379864,"a3f3445c2a35fe8cbf4395357d4070dd2dcec564"
"usn","MG1MU1-1",2025,"H","https://www.usn.no/studier/studie-og-emneplaner/#/emne/MG1MU1_1_2025_H%C3%98ST",200,TRUE,379864,"97a30a1a02620f6f67e8f93ec7cc52b25d4dcee1"
"usn","MG1MH2-1",2025,"H","https://www.usn.no/studier/studie-og-emneplaner/#/emne/MG1MH2_1_2025_H%C3%98ST",200,TRUE,379864,"fb1d66e621b34a03d41e03d37b84c9bb78bb9d85"
"usn","MG1MH1-1",2025,"H","https://www.usn.no/studier/studie-og-emneplaner/#/emne/MG1MH1_1_2025_H%C3%98ST",200,TRUE,379864,"3e4527d898aff24ccb9f71970ce3f1f305f7e860"
"usn","MG1MA3-1",2025,"H","https://www.usn.no/studier/studie-og-emneplaner/#/emne/MG1MA3_1_2025_H%C3%98ST",200,TRUE,379864,"4c0369044137a299fdff012396aa4685fdf6b6f3"
"usn","MG1MA2-2",2025,"H","https://www.usn.no/studier/studie-og-emneplaner/#/emne/MG1MA2_2_2025_H%C3%98ST",200,TRUE,379864,"ac0c7e30bc1ad8b63bbb46d5ebcd251d7bfd15b7"
"usn","MG1MA1-2",2025,"H","https://www.usn.no/studier/studie-og-emneplaner/#/emne/MG1MA1_2_2025_H%C3%98ST",200,TRUE,379864,"c27801ba506c4eb57e4a5f09392e4083020af998"
"usn","MG1KR3-1",2025,"H","https://www.usn.no/studier/studie-og-emneplaner/#/emne/MG1KR3_1_2025_H%C3%98ST",200,TRUE,379864,"08046e3bac3570e01a6cd70b0a9f365fdc3e7f8f"
"usn","MG1KR2-1",2025,"H","https://www.usn.no/studier/studie-og-emneplaner/#/emne/MG1KR2_1_2025_H%C3%98ST",200,TRUE,379864,"0a6bbcbe94c1d3b045aafbf3cbc8362f63dc7433"
"usn","MG1KR1-1",2025,"H","https://www.usn.no/studier/studie-og-emneplaner/#/emne/MG1KR1_1_2025_H%C3%98ST",200,TRUE,379864,"5fadade79933a61456f3eaae2706f523a32b37b9"
"usn","MG1KH3-1",2025,"H","https://www.usn.no/studier/studie-og-emneplaner/#/emne/MG1KH3_1_2025_H%C3%98ST",200,TRUE,379864,"0fcce3f4bdafb27d50d04a56d43c4ba87151f429"
"usn","MG1KH2-1",2025,"H","https://www.usn.no/studier/studie-og-emneplaner/#/emne/MG1KH2_1_2025_H%C3%98ST",200,TRUE,379864,"99a40cd049e01a1d45092b1128f18325f90cb5a7"
"usn","MG1KH1-1",2025,"H","https://www.usn.no/studier/studie-og-emneplaner/#/emne/MG1KH1_1_2025_H%C3%98ST",200,TRUE,379864,"103fe85be33cf538dac60f27d343b1db7bc439ee"
"usn","LR-PRA3000-1",2025,"H","https://www.usn.no/studier/studie-og-emneplaner/#/emne/LR_PRA3000_1_2025_H%C3%98ST",200,TRUE,379872,"b19e3226c1ac19ffe664a7b2b86f8802be4ceda5"
"usn","MG2KR2-1",2025,"H","https://www.usn.no/studier/studie-og-emneplaner/#/emne/MG2KR2_1_2025_H%C3%98ST",200,TRUE,379864,"ee34f1b7b1f183530f1e03a7ce58b19b24f67241"
"usn","MG2KR1-1",2025,"H","https://www.usn.no/studier/studie-og-emneplaner/#/emne/MG2KR1_1_2025_H%C3%98ST",200,TRUE,379864,"dfc38cfa633188b80b9e6dec80ed98aeca98100b"
"usn","MG2KH3-1",2025,"H","https://www.usn.no/studier/studie-og-emneplaner/#/emne/MG2KH3_1_2025_H%C3%98ST",200,TRUE,379864,"9c5d613cd688d94c42c0555e6f5655ec8985ce39"
"usn","MG2KH2-1",2025,"H","https://www.usn.no/studier/studie-og-emneplaner/#/emne/MG2KH2_1_2025_H%C3%98ST",200,TRUE,379864,"6949dd50bf4fbe6501f3127247efdb26c67790f0"
"usn","MG2KH1-1",2025,"H","https://www.usn.no/studier/studie-og-emneplaner/#/emne/MG2KH1_1_2025_H%C3%98ST",200,TRUE,379864,"6e3d99c7eba99250aeabd8e7ff094d6d08fb0c82"
"usn","HIOLJ4000-1",2026,"V","https://www.usn.no/studier/studie-og-emneplaner/#/emne/HIOLJ4000_1_2026_V%C3%85R",200,TRUE,379868,"7cd7d121a5151ea7607efbe4cf48023aa4b23d6d"
"usn","HIREP4000-1",2026,"V","https://www.usn.no/studier/studie-og-emneplaner/#/emne/HIREP4000_1_2026_V%C3%85R",200,TRUE,379868,"eee2e955b57d43babb1b1aa545219324a3fc7f70"
"usn","LHBAC1300-1",2026,"V","https://www.usn.no/studier/studie-og-emneplaner/#/emne/LHBAC1300_1_2026_V%C3%85R",200,TRUE,379868,"e8c2a8e3ed500bb346c8be0255e0d7d17a824ba6"
"usn","LHFOR1300-1",2026,"V","https://www.usn.no/studier/studie-og-emneplaner/#/emne/LHFOR1300_1_2026_V%C3%85R",200,TRUE,379868,"e84a26928163eae0de07bbcc1bc3bb605a7a57fc"
"usn","PROF3000-1",2026,"V","https://www.usn.no/studier/studie-og-emneplaner/#/emne/PROF3000_1_2026_V%C3%85R",200,TRUE,379866,"9d64a3502db8e24437702003411b7a74dade235e"
"usn","LH-PED2000-1",2026,"V","https://www.usn.no/studier/studie-og-emneplaner/#/emne/LH_PED2000_1_2026_V%C3%85R",200,TRUE,379870,"8d7df597830f577c0c984b7cf0fa89e8729f2bf4"
"usn","PROF1001-1",2026,"V","https://www.usn.no/studier/studie-og-emneplaner/#/emne/PROF1001_1_2026_V%C3%85R",200,TRUE,379866,"1a499d7871f5a3370960c6ee97a461dff13b00d0"
"usn","PROF4000-1",2026,"V","https://www.usn.no/studier/studie-og-emneplaner/#/emne/PROF4000_1_2026_V%C3%85R",200,TRUE,379866,"bbe1075054569d1d8f0bf0f97767199ca156cb64"
"usn","LH-NOD1000-1",2026,"V","https://www.usn.no/studier/studie-og-emneplaner/#/emne/LH_NOD1000_1_2026_V%C3%85R",200,TRUE,379870,"7e23c0816bb132286aa1ff13eea326a14a981a6a"
"usn","NET-EXP1000-1",2026,"V","https://www.usn.no/studier/studie-og-emneplaner/#/emne/NET_EXP1000_1_2026_V%C3%85R",200,TRUE,379872,"a0cc9cc1dc7d0574a236714567d6766ca453b052"
"usn","HI-VIT4000-1",2026,"V","https://www.usn.no/studier/studie-og-emneplaner/#/emne/HI_VIT4000_1_2026_V%C3%85R",200,TRUE,379870,"cd9a0f98dd77197b7e70405319a584454679e631"
"usn","LH-PRA1000-1",2026,"V","https://www.usn.no/studier/studie-og-emneplaner/#/emne/LH_PRA1000_1_2026_V%C3%85R",200,TRUE,379870,"049e2b9b214ae06f4496178fedad97e8616d6e43"
"usn","HI-KOR4000-1",2026,"V","https://www.usn.no/studier/studie-og-emneplaner/#/emne/HI_KOR4000_1_2026_V%C3%85R",200,TRUE,379870,"428736c0523ff4159b6985c14ba43b34bb4ca089"
"usn","HI-MAS5000-1",2026,"V","https://www.usn.no/studier/studie-og-emneplaner/#/emne/HI_MAS5000_1_2026_V%C3%85R",200,TRUE,379870,"dfa8ecb599f11b6605e4f25f1961019a33a23a13"
"usn","HI-ØHI4000-1",2026,"V","https://www.usn.no/studier/studie-og-emneplaner/#/emne/HI_ØHI4000_1_2026_V%C3%85R",200,TRUE,379880,"5a323a2db3f70423d63d1d591652cec80dbea140"
"usn","HI-EIN4000-1",2026,"V","https://www.usn.no/studier/studie-og-emneplaner/#/emne/HI_EIN4000_1_2026_V%C3%85R",200,TRUE,379870,"621b8603a0b3e144257a4c373098fd52a94e36f6"
"usn","HI-VIK4000-1",2026,"V","https://www.usn.no/studier/studie-og-emneplaner/#/emne/HI_VIK4000_1_2026_V%C3%85R",200,TRUE,379870,"0aef8770a39788c6f7dde43aa5cf0009baa41da6"
"usn","LH-PRA2000-1",2026,"V","https://www.usn.no/studier/studie-og-emneplaner/#/emne/LH_PRA2000_1_2026_V%C3%85R",200,TRUE,379870,"c6e71bc70c598b405e9c75c28d77f0c0657545ea"
"usn","LH-PRA4000-1",2026,"V","https://www.usn.no/studier/studie-og-emneplaner/#/emne/LH_PRA4000_1_2026_V%C3%85R",200,TRUE,379870,"56f660fe23701563ae7264ebcc27a97ceaba9643"
"usn","PAT4000-1",2026,"V","https://www.usn.no/studier/studie-og-emneplaner/#/emne/PAT4000_1_2026_V%C3%85R",200,TRUE,379864,"1a80f3a25eb16515875209860b1320a93eb0f233"
"usn","LH-PRA3000-1",2026,"V","https://www.usn.no/studier/studie-og-emneplaner/#/emne/LH_PRA3000_1_2026_V%C3%85R",200,TRUE,379870,"e3664e7a09ad232300de60a5e7e4ad9ce2e4cd52"
"usn","MEL4000-1",2026,"V","https://www.usn.no/studier/studie-og-emneplaner/#/emne/MEL4000_1_2026_V%C3%85R",200,TRUE,379864,"424199c7e052d2a63a8f84605416ad49e9e77b98"
"usn","NMI4000-1",2025,"H","https://www.usn.no/studier/studie-og-emneplaner/#/emne/NMI4000_1_2025_H%C3%98ST",200,TRUE,379866,"ee1ec484a17fb0e4943cef8fec62ba9c9e71fdb4"
"usn","HI-TMA4000-1",2026,"V","https://www.usn.no/studier/studie-og-emneplaner/#/emne/HI_TMA4000_1_2026_V%C3%85R",200,TRUE,379870,"3cdd4ff03ee4f59765b36eeef829d80e82900939"
"usn","LH-HID4000-1",2025,"H","https://www.usn.no/studier/studie-og-emneplaner/#/emne/LH_HID4000_1_2025_H%C3%98ST",200,TRUE,379872,"fc0c3afad33aaa1c10d73619976110d9faabaa2d"
